schema_version,timestamp,git_sha,git_branch,dataset,n_observations,n_assets,cv,n_folds,estimator,objective,risk,extra,method,backend,reason,fallback_reason,solver,n_solves,n_warm_starts,n_rebuilds,n_prior_fits,n_prior_updates,time_s,time_s_mean,time_s_std,time_s_min,time_s_max,n_repetitions,raw_times_s,delta_time_s,relative_time,speedup,mean_sharpe,delta_sharpe,relative_sharpe_error,max_abs_sharpe_diff,n_failed_folds,n_invalid_outputs,n_nonfinite_weights,max_abs_weight_diff,solver_status,validation_ok,cache_warning,workers,thread_limit,n_jobs,status,error
1,2026-08-28T22:44:22.003471+00:00,afa641357bf765b58968d2fe9666189372aaa3df,cursor/cv-predict-benchmark-suite-0bad,synthetic,120,6,walk-forward,4,MINIMIZE_RISK/VARIANCE,MINIMIZE_RISK,VARIANCE,,native,sklearn,,,CLARABEL,,,,,,0.04012284299994917,0.04012284299994917,nan,0.04012284299994917,0.04012284299994917,1,0.040122843,0.0,1.0,1.0,0.022711867305168613,0.0,0.0,nan,0,0,0,nan,unknown,True,False,1,1,1,ok,
1,2026-08-28T22:44:22.003471+00:00,afa641357bf765b58968d2fe9666189372aaa3df,cursor/cv-predict-benchmark-suite-0bad,synthetic,120,6,walk-forward,4,MINIMIZE_RISK/VARIANCE,MINIMIZE_RISK,VARIANCE,,accelerated,osqp,boxed MeanRisk variance; compact OSQP,,CLARABEL,4,3,0,1,3,0.0020785619999514893,0.0020785619999514893,nan,0.0020785619999514893,0.0020785619999514893,1,0.002078562,-0.03804428099999768,0.05180495310250379,19.303173540594692,0.02270429335184972,-7.573953318892879e-06,-0.0003334799916327994,7.573953318892879e-06,0,0,0,0.00011658801695692278,osqp,True,False,1,1,1,ok,
1,2026-08-28T22:44:22.003471+00:00,afa641357bf765b58968d2fe9666189372aaa3df,cursor/cv-predict-benchmark-suite-0bad,synthetic,120,6,walk-forward,4,MINIMIZE_RISK/SEMI_VARIANCE,MINIMIZE_RISK,SEMI_VARIANCE,,native,sklearn,,,CLARABEL,,,,,,0.03424584899994443,0.03424584899994443,nan,0.03424584899994443,0.03424584899994443,1,0.034245849,0.0,1.0,1.0,-0.016253037489698124,0.0,0.0,nan,0,0,0,nan,unknown,True,False,1,1,1,ok,
1,2026-08-28T22:44:22.003471+00:00,afa641357bf765b58968d2fe9666189372aaa3df,cursor/cv-predict-benchmark-suite-0bad,synthetic,120,6,walk-forward,4,MINIMIZE_RISK/SEMI_VARIANCE,MINIMIZE_RISK,SEMI_VARIANCE,,accelerated,clarabel,boxed MeanRisk scenario risk; compact Clarabel,,CLARABEL,4,3,0,1,3,0.003796574000034525,0.003796574000034525,nan,0.003796574000034525,0.003796574000034525,1,0.003796574,-0.030449274999909903,0.11086231210213786,9.020197946789134,-0.01625303748969805,7.28583859910259e-17,4.482755056536766e-15,7.28583859910259e-17,0,0,0,1.1102230246251565e-16,clarabel,True,False,1,1,1,ok,
1,2026-08-28T22:44:22.003471+00:00,afa641357bf765b58968d2fe9666189372aaa3df,cursor/cv-predict-benchmark-suite-0bad,synthetic,120,6,walk-forward,4,MINIMIZE_RISK/STANDARD_DEVIATION,MINIMIZE_RISK,STANDARD_DEVIATION,,native,sklearn,,,CLARABEL,,,,,,0.03290966599990952,0.03290966599990952,nan,0.03290966599990952,0.03290966599990952,1,0.032909666,0.0,1.0,1.0,0.021098646809971568,0.0,0.0,nan,0,0,0,nan,unknown,True,False,1,1,1,ok,
1,2026-08-28T22:44:22.003471+00:00,afa641357bf765b58968d2fe9666189372aaa3df,cursor/cv-predict-benchmark-suite-0bad,synthetic,120,6,walk-forward,4,MINIMIZE_RISK/STANDARD_DEVIATION,MINIMIZE_RISK,STANDARD_DEVIATION,,accelerated,cvxpy-sequential,MeanRisk outside the compact subset (risk_measure is not compacted),,CLARABEL,4,3,1,0,0,0.01805908599999384,0.01805908599999384,nan,0.01805908599999384,0.01805908599999384,1,0.018059086,-0.01485057999991568,0.5487471674748534,1.8223328688905267,0.021101148491570753,2.501681599185318e-06,0.00011857071317023906,2.501681599185318e-06,0,0,0,2.694013890185143e-05,cvxpy-sequential,True,False,1,1,1,ok,
1,2026-08-28T22:44:22.003471+00:00,afa641357bf765b58968d2fe9666189372aaa3df,cursor/cv-predict-benchmark-suite-0bad,synthetic,120,6,walk-forward,4,MINIMIZE_RISK/SEMI_DEVIATION,MINIMIZE_RISK,SEMI_DEVIATION,,native,sklearn,,,CLARABEL,,,,,,0.03690259999996215,0.03690259999996215,nan,0.03690259999996215,0.03690259999996215,1,0.0369026,0.0,1.0,1.0,-0.014020698217474236,0.0,0.0,nan,0,0,0,nan,unknown,True,False,1,1,1,ok,
1,2026-08-28T22:44:22.003471+00:00,afa641357bf765b58968d2fe9666189372aaa3df,cursor/cv-predict-benchmark-suite-0bad,synthetic,120,6,walk-forward,4,MINIMIZE_RISK/SEMI_DEVIATION,MINIMIZE_RISK,SEMI_DEVIATION,,accelerated,clarabel,boxed MeanRisk scenario risk; compact Clarabel,,CLARABEL,4,3,0,1,3,0.004238816999986739,0.004238816999986739,nan,0.004238816999986739,0.004238816999986739,1,0.004238817,-0.03266378299997541,0.11486499596210258,8.70587241677987,-0.014020698217473867,3.694961003830599e-16,2.635361625019149e-14,3.694961003830599e-16,0,0,0,2.9407032364758834e-14,clarabel,True,False,1,1,1,ok,
1,2026-08-28T22:44:22.003471+00:00,afa641357bf765b58968d2fe9666189372aaa3df,cursor/cv-predict-benchmark-suite-0bad,synthetic,120,6,walk-forward,4,MINIMIZE_RISK/MEAN_ABSOLUTE_DEVIATION,MINIMIZE_RISK,MEAN_ABSOLUTE_DEVIATION,,native,sklearn,,,CLARABEL,,,,,,0.033621134999975766,0.033621134999975766,nan,0.033621134999975766,0.033621134999975766,1,0.033621135,0.0,1.0,1.0,0.016997703739614553,0.0,0.0,nan,0,0,0,nan,unknown,True,False,1,1,1,ok,
1,2026-08-28T22:44:22.003471+00:00,afa641357bf765b58968d2fe9666189372aaa3df,cursor/cv-predict-benchmark-suite-0bad,synthetic,120,6,walk-forward,4,MINIMIZE_RISK/MEAN_ABSOLUTE_DEVIATION,MINIMIZE_RISK,MEAN_ABSOLUTE_DEVIATION,,accelerated,clarabel,boxed MeanRisk scenario risk; compact Clarabel,,CLARABEL,4,3,0,1,3,0.0031620370000382536,0.0031620370000382536,nan,0.0031620370000382536,0.0031620370000382536,1,0.003162037,-0.030459097999937512,0.09404908549460132,10.632745600247253,0.0169976933026629,-1.0436951653619575e-08,-6.140212709611709e-07,1.0436951653619575e-08,0,0,0,5.192554020094775e-08,clarabel,True,False,1,1,1,ok,
1,2026-08-28T22:44:22.003471+00:00,afa641357bf765b58968d2fe9666189372aaa3df,cursor/cv-predict-benchmark-suite-0bad,synthetic,120,6,walk-forward,4,MINIMIZE_RISK/CVAR,MINIMIZE_RISK,CVAR,,native,sklearn,,,CLARABEL,,,,,,0.03877269899999192,0.03877269899999192,nan,0.03877269899999192,0.03877269899999192,1,0.038772699,0.0,1.0,1.0,-0.02640379940374932,0.0,0.0,nan,0,0,0,nan,unknown,True,False,1,1,1,ok,
1,2026-08-28T22:44:22.003471+00:00,afa641357bf765b58968d2fe9666189372aaa3df,cursor/cv-predict-benchmark-suite-0bad,synthetic,120,6,walk-forward,4,MINIMIZE_RISK/CVAR,MINIMIZE_RISK,CVAR,,accelerated,clarabel,boxed MeanRisk scenario risk; compact Clarabel,,CLARABEL,4,3,0,1,3,0.0026818649999995614,0.0026818649999995614,nan,0.0026818649999995614,0.0026818649999995614,1,0.002681865,-0.036090833999992356,0.06916890155106614,14.457364184997477,-0.02640462127267441,-8.218689250896749e-07,-3.112691899079381e-05,8.218689250896749e-07,0,0,0,1.7822219498531133e-06,clarabel,True,False,1,1,1,ok,
1,2026-08-28T22:44:22.003471+00:00,afa641357bf765b58968d2fe9666189372aaa3df,cursor/cv-predict-benchmark-suite-0bad,synthetic,120,6,walk-forward,4,MINIMIZE_RISK/EVAR,MINIMIZE_RISK,EVAR,,native,sklearn,,,CLARABEL,,,,,,0.042263259999913316,0.042263259999913316,nan,0.042263259999913316,0.042263259999913316,1,0.04226326,0.0,1.0,1.0,-0.04797575724740348,0.0,0.0,nan,0,0,0,nan,unknown,True,False,1,1,1,ok,
1,2026-08-28T22:44:22.003471+00:00,afa641357bf765b58968d2fe9666189372aaa3df,cursor/cv-predict-benchmark-suite-0bad,synthetic,120,6,walk-forward,4,MINIMIZE_RISK/EVAR,MINIMIZE_RISK,EVAR,,accelerated,clarabel,boxed MeanRisk scenario risk; compact Clarabel,,CLARABEL,4,3,0,1,3,0.005426754999916739,0.005426754999916739,nan,0.005426754999916739,0.005426754999916739,1,0.005426755,-0.03683650499999658,0.12840360634574496,7.78794325532694,-0.04797572192351307,3.532389040994399e-08,7.362862503198065e-07,3.532389040994399e-08,0,0,0,2.3833534883513363e-07,clarabel,True,False,1,1,1,ok,
1,2026-08-28T22:44:22.003471+00:00,afa641357bf765b58968d2fe9666189372aaa3df,cursor/cv-predict-benchmark-suite-0bad,synthetic,120,6,walk-forward,4,MINIMIZE_RISK/WORST_REALIZATION,MINIMIZE_RISK,WORST_REALIZATION,,native,sklearn,,,CLARABEL,,,,,,0.033855265000056534,0.033855265000056534,nan,0.033855265000056534,0.033855265000056534,1,0.033855265,0.0,1.0,1.0,-0.04797589090413117,0.0,0.0,nan,0,0,0,nan,unknown,True,False,1,1,1,ok,
1,2026-08-28T22:44:22.003471+00:00,afa641357bf765b58968d2fe9666189372aaa3df,cursor/cv-predict-benchmark-suite-0bad,synthetic,120,6,walk-forward,4,MINIMIZE_RISK/WORST_REALIZATION,MINIMIZE_RISK,WORST_REALIZATION,,accelerated,clarabel,boxed MeanRisk scenario risk; compact Clarabel,,CLARABEL,4,3,0,1,3,0.0028602319999890824,0.0028602319999890824,nan,0.0028602319999890824,0.0028602319999890824,1,0.002860232,-0.03099503300006745,0.08448411199806902,11.836545077527195,-0.04797573734694666,1.5355718450960065e-07,3.200715643122699e-06,1.5355718450960065e-07,0,0,0,1.5493155141772796e-06,clarabel,True,False,1,1,1,ok,
1,2026-08-28T22:44:22.003471+00:00,afa641357bf765b58968d2fe9666189372aaa3df,cursor/cv-predict-benchmark-suite-0bad,synthetic,120,6,walk-forward,4,MINIMIZE_RISK/CDAR,MINIMIZE_RISK,CDAR,,native,sklearn,,,CLARABEL,,,,,,0.042839556000103585,0.042839556000103585,nan,0.042839556000103585,0.042839556000103585,1,0.042839556,0.0,1.0,1.0,0.02663062197676031,0.0,0.0,nan,0,0,0,nan,unknown,True,False,1,1,1,ok,
1,2026-08-28T22:44:22.003471+00:00,afa641357bf765b58968d2fe9666189372aaa3df,cursor/cv-predict-benchmark-suite-0bad,synthetic,120,6,walk-forward,4,MINIMIZE_RISK/CDAR,MINIMIZE_RISK,CDAR,,accelerated,clarabel,boxed MeanRisk scenario risk; compact Clarabel,,CLARABEL,4,3,0,1,3,0.004476120000049377,0.004476120000049377,nan,0.004476120000049377,0.004476120000049377,1,0.00447612,-0.03836343600005421,0.10448567674320794,9.570689793756872,0.026630655770945925,3.3794185613084116e-08,1.2689972334320699e-06,3.3794185613084116e-08,0,0,0,8.854025034810142e-07,clarabel,True,False,1,1,1,ok,
1,2026-08-28T22:44:22.003471+00:00,afa641357bf765b58968d2fe9666189372aaa3df,cursor/cv-predict-benchmark-suite-0bad,synthetic,120,6,walk-forward,4,MINIMIZE_RISK/MAX_DRAWDOWN,MINIMIZE_RISK,MAX_DRAWDOWN,,native,sklearn,,,CLARABEL,,,,,,0.03618619300004866,0.03618619300004866,nan,0.03618619300004866,0.03618619300004866,1,0.036186193,0.0,1.0,1.0,0.02858449560388669,0.0,0.0,nan,0,0,0,nan,unknown,True,False,1,1,1,ok,
1,2026-08-28T22:44:22.003471+00:00,afa641357bf765b58968d2fe9666189372aaa3df,cursor/cv-predict-benchmark-suite-0bad,synthetic,120,6,walk-forward,4,MINIMIZE_RISK/MAX_DRAWDOWN,MINIMIZE_RISK,MAX_DRAWDOWN,,accelerated,clarabel,boxed MeanRisk scenario risk; compact Clarabel,,CLARABEL,4,3,0,1,3,0.003848218999905839,0.003848218999905839,nan,0.003848218999905839,0.003848218999905839,1,0.003848219,-0.03233797400014282,0.10634495316765331,9.403361139512613,0.02858449565621662,5.232993205428471e-11,1.8307103535935512e-09,5.232993205428471e-11,0,0,0,1.203985943143046e-08,clarabel,True,False,1,1,1,ok,
1,2026-08-28T22:44:22.003471+00:00,afa641357bf765b58968d2fe9666189372aaa3df,cursor/cv-predict-benchmark-suite-0bad,synthetic,120,6,walk-forward,4,MINIMIZE_RISK/AVERAGE_DRAWDOWN,MINIMIZE_RISK,AVERAGE_DRAWDOWN,,native,sklearn,,,CLARABEL,,,,,,0.03519368900003883,0.03519368900003883,nan,0.03519368900003883,0.03519368900003883,1,0.035193689,0.0,1.0,1.0,-0.010984233034596086,0.0,0.0,nan,0,0,0,nan,unknown,True,False,1,1,1,ok,
1,2026-08-28T22:44:22.003471+00:00,afa641357bf765b58968d2fe9666189372aaa3df,cursor/cv-predict-benchmark-suite-0bad,synthetic,120,6,walk-forward,4,MINIMIZE_RISK/AVERAGE_DRAWDOWN,MINIMIZE_RISK,AVERAGE_DRAWDOWN,,accelerated,clarabel,boxed MeanRisk scenario risk; compact Clarabel,,CLARABEL,4,3,0,1,3,0.003545740000049591,0.003545740000049591,nan,0.003545740000049591,0.003545740000049591,1,0.00354574,-0.03164794899998924,0.10074931332278576,9.925625962294644,-0.010984327563350353,-9.452875426689544e-08,-8.605858412614374e-06,9.452875426689544e-08,0,0,0,1.1166147981384045e-06,clarabel,True,False,1,1,1,ok,
1,2026-08-28T22:44:22.003471+00:00,afa641357bf765b58968d2fe9666189372aaa3df,cursor/cv-predict-benchmark-suite-0bad,synthetic,120,6,walk-forward,4,MINIMIZE_RISK/EDAR,MINIMIZE_RISK,EDAR,,native,sklearn,,,CLARABEL,,,,,,0.051450208999995084,0.051450208999995084,nan,0.051450208999995084,0.051450208999995084,1,0.051450209,0.0,1.0,1.0,0.026691497344015446,0.0,0.0,nan,0,0,0,nan,unknown,True,False,1,1,1,ok,
1,2026-08-28T22:44:22.003471+00:00,afa641357bf765b58968d2fe9666189372aaa3df,cursor/cv-predict-benchmark-suite-0bad,synthetic,120,6,walk-forward,4,MINIMIZE_RISK/EDAR,MINIMIZE_RISK,EDAR,,accelerated,clarabel,boxed MeanRisk scenario risk; compact Clarabel,,CLARABEL,4,3,0,1,3,0.007552583000006052,0.007552583000006052,nan,0.007552583000006052,0.007552583000006052,1,0.007552583,-0.04389762599998903,0.14679401982617357,6.812266611297599,0.02669145725296847,-4.009104697527688e-08,-1.5020156590902447e-06,4.009104697527688e-08,0,0,0,1.0802494117279071e-06,clarabel,True,False,1,1,1,ok,
1,2026-08-28T22:44:22.003471+00:00,afa641357bf765b58968d2fe9666189372aaa3df,cursor/cv-predict-benchmark-suite-0bad,synthetic,120,6,walk-forward,4,MINIMIZE_RISK/FIRST_LOWER_PARTIAL_MOMENT,MINIMIZE_RISK,FIRST_LOWER_PARTIAL_MOMENT,,native,sklearn,,,CLARABEL,,,,,,0.03358286200000293,0.03358286200000293,nan,0.03358286200000293,0.03358286200000293,1,0.033582862,0.0,1.0,1.0,0.01699953860615712,0.0,0.0,nan,0,0,0,nan,unknown,True,False,1,1,1,ok,
1,2026-08-28T22:44:22.003471+00:00,afa641357bf765b58968d2fe9666189372aaa3df,cursor/cv-predict-benchmark-suite-0bad,synthetic,120,6,walk-forward,4,MINIMIZE_RISK/FIRST_LOWER_PARTIAL_MOMENT,MINIMIZE_RISK,FIRST_LOWER_PARTIAL_MOMENT,,accelerated,clarabel,boxed MeanRisk scenario risk; compact Clarabel,,CLARABEL,4,3,0,1,3,0.003110131999960686,0.003110131999960686,nan,0.003110131999960686,0.003110131999960686,1,0.003110132,-0.030472730000042247,0.09261068934388064,10.797889607395263,0.01699793701433268,-1.6015918244405292e-06,-9.421384083097664e-05,1.6015918244405292e-06,0,0,0,8.884431906552859e-06,clarabel,True,False,1,1,1,ok,
1,2026-08-28T22:44:22.003471+00:00,afa641357bf765b58968d2fe9666189372aaa3df,cursor/cv-predict-benchmark-suite-0bad,synthetic,120,6,walk-forward,4,MINIMIZE_RISK/ULCER_INDEX,MINIMIZE_RISK,ULCER_INDEX,,native,sklearn,,,CLARABEL,,,,,,0.03913127099997382,0.03913127099997382,nan,0.03913127099997382,0.03913127099997382,1,0.039131271,0.0,1.0,1.0,-0.0029557230921806793,0.0,0.0,nan,0,0,0,nan,unknown,True,False,1,1,1,ok,
1,2026-08-28T22:44:22.003471+00:00,afa641357bf765b58968d2fe9666189372aaa3df,cursor/cv-predict-benchmark-suite-0bad,synthetic,120,6,walk-forward,4,MINIMIZE_RISK/ULCER_INDEX,MINIMIZE_RISK,ULCER_INDEX,,accelerated,cvxpy-sequential,MeanRisk outside the compact subset (risk_measure is not compacted),,CLARABEL,4,3,1,0,0,0.023414643000023716,0.023414643000023716,nan,0.023414643000023716,0.023414643000023716,1,0.023414643,-0.015716627999950106,0.5983614230173965,1.671230733688068,-0.002955723092175049,5.630478722151722e-15,1.904941209495256e-12,5.630478722151722e-15,0,0,0,3.4486302702418925e-14,cvxpy-sequential,True,False,1,1,1,ok,
1,2026-08-28T22:44:22.003471+00:00,afa641357bf765b58968d2fe9666189372aaa3df,cursor/cv-predict-benchmark-suite-0bad,synthetic,120,6,walk-forward,4,MAXIMIZE_RETURN/VARIANCE,MAXIMIZE_RETURN,VARIANCE,,native,sklearn,,,CLARABEL,,,,,,0.034518171999934566,0.034518171999934566,nan,0.034518171999934566,0.034518171999934566,1,0.034518172,0.0,1.0,1.0,0.10788197531005289,0.0,0.0,nan,0,0,0,nan,unknown,True,False,1,1,1,ok,
1,2026-08-28T22:44:22.003471+00:00,afa641357bf765b58968d2fe9666189372aaa3df,cursor/cv-predict-benchmark-suite-0bad,synthetic,120,6,walk-forward,4,MAXIMIZE_RETURN/VARIANCE,MAXIMIZE_RETURN,VARIANCE,,accelerated,cvxpy-sequential,MeanRisk outside the compact subset (objective_function is not compacted),,CLARABEL,4,3,1,0,0,0.01847543599990331,0.01847543599990331,nan,0.01847543599990331,0.01847543599990331,1,0.018475436,-0.016042736000031255,0.5352379610350841,1.8683278705907245,0.10788197537306013,6.30072383156488e-11,5.840386045450683e-10,6.30072383156488e-11,0,0,0,1.7279375108298843e-09,cvxpy-sequential,True,False,1,1,1,ok,
1,2026-08-28T22:44:22.003471+00:00,afa641357bf765b58968d2fe9666189372aaa3df,cursor/cv-predict-benchmark-suite-0bad,synthetic,120,6,walk-forward,4,MAXIMIZE_RETURN/SEMI_VARIANCE,MAXIMIZE_RETURN,SEMI_VARIANCE,,native,sklearn,,,CLARABEL,,,,,,0.03367053399995257,0.03367053399995257,nan,0.03367053399995257,0.03367053399995257,1,0.033670534,0.0,1.0,1.0,0.10788196295696346,0.0,0.0,nan,0,0,0,nan,unknown,True,False,1,1,1,ok,
1,2026-08-28T22:44:22.003471+00:00,afa641357bf765b58968d2fe9666189372aaa3df,cursor/cv-predict-benchmark-suite-0bad,synthetic,120,6,walk-forward,4,MAXIMIZE_RETURN/SEMI_VARIANCE,MAXIMIZE_RETURN,SEMI_VARIANCE,,accelerated,cvxpy-sequential,MeanRisk outside the compact subset (objective_function is not compacted),,CLARABEL,4,3,1,0,0,0.020882604999997056,0.020882604999997056,nan,0.020882604999997056,0.020882604999997056,1,0.020882605,-0.012787928999955511,0.6202041523911226,1.6123723069970108,0.107881957554156,-5.402807465304527e-09,-5.008073006105597e-08,5.402807465304527e-09,0,0,0,2.5800288216970557e-07,cvxpy-sequential,True,False,1,1,1,ok,
1,2026-08-28T22:44:22.003471+00:00,afa641357bf765b58968d2fe9666189372aaa3df,cursor/cv-predict-benchmark-suite-0bad,synthetic,120,6,walk-forward,4,MAXIMIZE_RETURN/STANDARD_DEVIATION,MAXIMIZE_RETURN,STANDARD_DEVIATION,,native,sklearn,,,CLARABEL,,,,,,0.034361422999950264,0.034361422999950264,nan,0.034361422999950264,0.034361422999950264,1,0.034361423,0.0,1.0,1.0,0.10788197531005289,0.0,0.0,nan,0,0,0,nan,unknown,True,False,1,1,1,ok,
1,2026-08-28T22:44:22.003471+00:00,afa641357bf765b58968d2fe9666189372aaa3df,cursor/cv-predict-benchmark-suite-0bad,synthetic,120,6,walk-forward,4,MAXIMIZE_RETURN/STANDARD_DEVIATION,MAXIMIZE_RETURN,STANDARD_DEVIATION,,accelerated,cvxpy-sequential,MeanRisk outside the compact subset (objective_function is not compacted),,CLARABEL,4,3,1,0,0,0.018443632999947113,0.018443632999947113,nan,0.018443632999947113,0.018443632999947113,1,0.018443633,-0.01591779000000315,0.5367540511920537,1.8630506798768331,0.10788197537306013,6.30072383156488e-11,5.840386045450683e-10,6.30072383156488e-11,0,0,0,1.7279375108298843e-09,cvxpy-sequential,True,False,1,1,1,ok,
1,2026-08-28T22:44:22.003471+00:00,afa641357bf765b58968d2fe9666189372aaa3df,cursor/cv-predict-benchmark-suite-0bad,synthetic,120,6,walk-forward,4,MAXIMIZE_RETURN/SEMI_DEVIATION,MAXIMIZE_RETURN,SEMI_DEVIATION,,native,sklearn,,,CLARABEL,,,,,,0.03372886499994365,0.03372886499994365,nan,0.03372886499994365,0.03372886499994365,1,0.033728865,0.0,1.0,1.0,0.10788196295696346,0.0,0.0,nan,0,0,0,nan,unknown,True,False,1,1,1,ok,
1,2026-08-28T22:44:22.003471+00:00,afa641357bf765b58968d2fe9666189372aaa3df,cursor/cv-predict-benchmark-suite-0bad,synthetic,120,6,walk-forward,4,MAXIMIZE_RETURN/SEMI_DEVIATION,MAXIMIZE_RETURN,SEMI_DEVIATION,,accelerated,cvxpy-sequential,MeanRisk outside the compact subset (objective_function is not compacted),,CLARABEL,4,3,1,0,0,0.02078353199999583,0.02078353199999583,nan,0.02078353199999583,0.02078353199999583,1,0.020783532,-0.012945332999947823,0.6161942300765398,1.6228649201661403,0.107881957554156,-5.402807465304527e-09,-5.008073006105597e-08,5.402807465304527e-09,0,0,0,2.5800288216970557e-07,cvxpy-sequential,True,False,1,1,1,ok,
1,2026-08-28T22:44:22.003471+00:00,afa641357bf765b58968d2fe9666189372aaa3df,cursor/cv-predict-benchmark-suite-0bad,synthetic,120,6,walk-forward,4,MAXIMIZE_RETURN/MEAN_ABSOLUTE_DEVIATION,MAXIMIZE_RETURN,MEAN_ABSOLUTE_DEVIATION,,native,sklearn,,,CLARABEL,,,,,,0.03362672399998701,0.03362672399998701,nan,0.03362672399998701,0.03362672399998701,1,0.033626724,0.0,1.0,1.0,0.10788202802005822,0.0,0.0,nan,0,0,0,nan,unknown,True,False,1,1,1,ok,
1,2026-08-28T22:44:22.003471+00:00,afa641357bf765b58968d2fe9666189372aaa3df,cursor/cv-predict-benchmark-suite-0bad,synthetic,120,6,walk-forward,4,MAXIMIZE_RETURN/MEAN_ABSOLUTE_DEVIATION,MAXIMIZE_RETURN,MEAN_ABSOLUTE_DEVIATION,,accelerated,cvxpy-sequential,MeanRisk outside the compact subset (objective_function is not compacted),,CLARABEL,4,3,1,0,0,0.020943654999996397,0.020943654999996397,nan,0.020943654999996397,0.020943654999996397,1,0.020943655,-0.01268306899999061,0.6228276950203204,1.6055804968136074,0.10788202802005818,-4.163336342344337e-17,-3.8591565423392476e-16,4.163336342344337e-17,0,0,0,3.3306690738754696e-16,cvxpy-sequential,True,False,1,1,1,ok,
1,2026-08-28T22:44:22.003471+00:00,afa641357bf765b58968d2fe9666189372aaa3df,cursor/cv-predict-benchmark-suite-0bad,synthetic,120,6,walk-forward,4,MAXIMIZE_RETURN/CVAR,MAXIMIZE_RETURN,CVAR,,native,sklearn,,,CLARABEL,,,,,,0.035494974000016555,0.035494974000016555,nan,0.035494974000016555,0.035494974000016555,1,0.035494974,0.0,1.0,1.0,0.10788197653931661,0.0,0.0,nan,0,0,0,nan,unknown,True,False,1,1,1,ok,
1,2026-08-28T22:44:22.003471+00:00,afa641357bf765b58968d2fe9666189372aaa3df,cursor/cv-predict-benchmark-suite-0bad,synthetic,120,6,walk-forward,4,MAXIMIZE_RETURN/CVAR,MAXIMIZE_RETURN,CVAR,,accelerated,cvxpy-sequential,MeanRisk outside the compact subset (objective_function is not compacted),,CLARABEL,4,3,1,0,0,0.02103553799997826,0.02103553799997826,nan,0.02103553799997826,0.02103553799997826,1,0.021035538,-0.014459436000038295,0.5926342698537671,1.6873813258331325,0.10788197653931676,1.5265566588595902e-16,1.4150247407668235e-15,1.5265566588595902e-16,0,0,0,1.4876988529977098e-14,cvxpy-sequential,True,False,1,1,1,ok,
1,2026-08-28T22:44:22.003471+00:00,afa641357bf765b58968d2fe9666189372aaa3df,cursor/cv-predict-benchmark-suite-0bad,synthetic,120,6,walk-forward,4,MAXIMIZE_RETURN/EVAR,MAXIMIZE_RETURN,EVAR,,native,sklearn,,,CLARABEL,,,,,,0.041634211999962645,0.041634211999962645,nan,0.041634211999962645,0.041634211999962645,1,0.041634212,0.0,1.0,1.0,0.10788195491136031,0.0,0.0,nan,0,0,0,nan,unknown,True,False,1,1,1,ok,
1,2026-08-28T22:44:22.003471+00:00,afa641357bf765b58968d2fe9666189372aaa3df,cursor/cv-predict-benchmark-suite-0bad,synthetic,120,6,walk-forward,4,MAXIMIZE_RETURN/EVAR,MAXIMIZE_RETURN,EVAR,,accelerated,cvxpy-sequential,MeanRisk outside the compact subset (objective_function is not compacted),,CLARABEL,4,3,1,0,0,0.024229816000001847,0.024229816000001847,nan,0.024229816000001847,0.024229816000001847,1,0.024229816,-0.017404395999960798,0.5819688865499264,1.7183049182032366,0.1078819583283967,3.417036389952166e-09,3.1673845665475065e-08,3.417036389952166e-09,0,0,0,1.5518371194007455e-07,cvxpy-sequential,True,False,1,1,1,ok,
1,2026-08-28T22:44:22.003471+00:00,afa641357bf765b58968d2fe9666189372aaa3df,cursor/cv-predict-benchmark-suite-0bad,synthetic,120,6,walk-forward,4,MAXIMIZE_RETURN/WORST_REALIZATION,MAXIMIZE_RETURN,WORST_REALIZATION,,native,sklearn,,,CLARABEL,,,,,,0.031128032999959032,0.031128032999959032,nan,0.031128032999959032,0.031128032999959032,1,0.031128033,0.0,1.0,1.0,0.10788199653703455,0.0,0.0,nan,0,0,0,nan,unknown,True,False,1,1,1,ok,
1,2026-08-28T22:44:22.003471+00:00,afa641357bf765b58968d2fe9666189372aaa3df,cursor/cv-predict-benchmark-suite-0bad,synthetic,120,6,walk-forward,4,MAXIMIZE_RETURN/WORST_REALIZATION,MAXIMIZE_RETURN,WORST_REALIZATION,,accelerated,cvxpy-sequential,MeanRisk outside the compact subset (objective_function is not compacted),,CLARABEL,4,3,1,0,0,0.020608164999998735,0.020608164999998735,nan,0.020608164999998735,0.020608164999998735,1,0.020608165,-0.010519867999960297,0.6620452053628271,1.510470874042446,0.10788199653703455,0.0,0.0,0.0,0,0,0,0.0,cvxpy-sequential,True,False,1,1,1,ok,
1,2026-08-28T22:44:22.003471+00:00,afa641357bf765b58968d2fe9666189372aaa3df,cursor/cv-predict-benchmark-suite-0bad,synthetic,120,6,walk-forward,4,MAXIMIZE_RETURN/CDAR,MAXIMIZE_RETURN,CDAR,,native,sklearn,,,CLARABEL,,,,,,0.04254498099999182,0.04254498099999182,nan,0.04254498099999182,0.04254498099999182,1,0.042544981,0.0,1.0,1.0,0.10788197376806327,0.0,0.0,nan,0,0,0,nan,unknown,True,False,1,1,1,ok,
1,2026-08-28T22:44:22.003471+00:00,afa641357bf765b58968d2fe9666189372aaa3df,cursor/cv-predict-benchmark-suite-0bad,synthetic,120,6,walk-forward,4,MAXIMIZE_RETURN/CDAR,MAXIMIZE_RETURN,CDAR,,accelerated,cvxpy-sequential,MeanRisk outside the compact subset (objective_function is not compacted),,CLARABEL,4,3,1,0,0,0.023791466000034234,0.023791466000034234,nan,0.023791466000034234,0.023791466000034234,1,0.023791466,-0.018753514999957588,0.5592073481015024,1.7882454574228677,0.10788197376810889,4.561628852428612e-14,4.2283513112540113e-13,4.561628852428612e-14,0,0,0,1.1315393066979595e-12,cvxpy-sequential,True,False,1,1,1,ok,
1,2026-08-28T22:44:22.003471+00:00,afa641357bf765b58968d2fe9666189372aaa3df,cursor/cv-predict-benchmark-suite-0bad,synthetic,120,6,walk-forward,4,MAXIMIZE_RETURN/MAX_DRAWDOWN,MAXIMIZE_RETURN,MAX_DRAWDOWN,,native,sklearn,,,CLARABEL,,,,,,0.038294156000006296,0.038294156000006296,nan,0.038294156000006296,0.038294156000006296,1,0.038294156,0.0,1.0,1.0,0.10788195258669434,0.0,0.0,nan,0,0,0,nan,unknown,True,False,1,1,1,ok,
1,2026-08-28T22:44:22.003471+00:00,afa641357bf765b58968d2fe9666189372aaa3df,cursor/cv-predict-benchmark-suite-0bad,synthetic,120,6,walk-forward,4,MAXIMIZE_RETURN/MAX_DRAWDOWN,MAXIMIZE_RETURN,MAX_DRAWDOWN,,accelerated,cvxpy-sequential,MeanRisk outside the compact subset (objective_function is not compacted),,CLARABEL,4,3,1,0,0,0.021811289999959627,0.021811289999959627,nan,0.021811289999959627,0.021811289999959627,1,0.02181129,-0.01648286600004667,0.5695722866945034,1.7557033994815152,0.10788195258669434,0.0,0.0,0.0,0,0,0,0.0,cvxpy-sequential,True,False,1,1,1,ok,
1,2026-08-28T22:44:22.003471+00:00,afa641357bf765b58968d2fe9666189372aaa3df,cursor/cv-predict-benchmark-suite-0bad,synthetic,120,6,walk-forward,4,MAXIMIZE_RETURN/AVERAGE_DRAWDOWN,MAXIMIZE_RETURN,AVERAGE_DRAWDOWN,,native,sklearn,,,CLARABEL,,,,,,0.0356536290000804,0.0356536290000804,nan,0.0356536290000804,0.0356536290000804,1,0.035653629,0.0,1.0,1.0,0.1078819787130431,0.0,0.0,nan,0,0,0,nan,unknown,True,False,1,1,1,ok,
1,2026-08-28T22:44:22.003471+00:00,afa641357bf765b58968d2fe9666189372aaa3df,cursor/cv-predict-benchmark-suite-0bad,synthetic,120,6,walk-forward,4,MAXIMIZE_RETURN/AVERAGE_DRAWDOWN,MAXIMIZE_RETURN,AVERAGE_DRAWDOWN,,accelerated,cvxpy-sequential,MeanRisk outside the compact subset (objective_function is not compacted),,CLARABEL,4,3,1,0,0,0.02111977900005968,0.02111977900005968,nan,0.02111977900005968,0.02111977900005968,1,0.021119779,-0.01453385000002072,0.5923598688933476,1.6881629774620108,0.1078819787130431,0.0,0.0,0.0,0,0,0,0.0,cvxpy-sequential,True,False,1,1,1,ok,
1,2026-08-28T22:44:22.003471+00:00,afa641357bf765b58968d2fe9666189372aaa3df,cursor/cv-predict-benchmark-suite-0bad,synthetic,120,6,walk-forward,4,MAXIMIZE_RETURN/EDAR,MAXIMIZE_RETURN,EDAR,,native,sklearn,,,CLARABEL,,,,,,0.04933936800000538,0.04933936800000538,nan,0.04933936800000538,0.04933936800000538,1,0.049339368,0.0,1.0,1.0,0.10788197550257045,0.0,0.0,nan,0,0,0,nan,unknown,True,False,1,1,1,ok,
1,2026-08-28T22:44:22.003471+00:00,afa641357bf765b58968d2fe9666189372aaa3df,cursor/cv-predict-benchmark-suite-0bad,synthetic,120,6,walk-forward,4,MAXIMIZE_RETURN/EDAR,MAXIMIZE_RETURN,EDAR,,accelerated,cvxpy-sequential,MeanRisk outside the compact subset (objective_function is not compacted),,CLARABEL,4,3,1,0,0,0.026084373000003325,0.026084373000003325,nan,0.026084373000003325,0.026084373000003325,1,0.026084373,-0.023254995000002054,0.5286726210193953,1.8915297676505043,0.1078819745299969,-9.725735494736654e-10,-9.015162588031144e-09,9.725735494736654e-10,0,0,0,3.951233096266549e-08,cvxpy-sequential,True,False,1,1,1,ok,
1,2026-08-28T22:44:22.003471+00:00,afa641357bf765b58968d2fe9666189372aaa3df,cursor/cv-predict-benchmark-suite-0bad,synthetic,120,6,walk-forward,4,MAXIMIZE_RETURN/FIRST_LOWER_PARTIAL_MOMENT,MAXIMIZE_RETURN,FIRST_LOWER_PARTIAL_MOMENT,,native,sklearn,,,CLARABEL,,,,,,0.03458198700002413,0.03458198700002413,nan,0.03458198700002413,0.03458198700002413,1,0.034581987,0.0,1.0,1.0,0.10788202802005822,0.0,0.0,nan,0,0,0,nan,unknown,True,False,1,1,1,ok,
1,2026-08-28T22:44:22.003471+00:00,afa641357bf765b58968d2fe9666189372aaa3df,cursor/cv-predict-benchmark-suite-0bad,synthetic,120,6,walk-forward,4,MAXIMIZE_RETURN/FIRST_LOWER_PARTIAL_MOMENT,MAXIMIZE_RETURN,FIRST_LOWER_PARTIAL_MOMENT,,accelerated,cvxpy-sequential,MeanRisk outside the compact subset (objective_function is not compacted),,CLARABEL,4,3,1,0,0,0.021381103999942752,0.021381103999942752,nan,0.021381103999942752,0.021381103999942752,1,0.021381104,-0.013200883000081376,0.6182728597962817,1.6174088578455408,0.10788202802005818,-4.163336342344337e-17,-3.8591565423392476e-16,4.163336342344337e-17,0,0,0,3.3306690738754696e-16,cvxpy-sequential,True,False,1,1,1,ok,
1,2026-08-28T22:44:22.003471+00:00,afa641357bf765b58968d2fe9666189372aaa3df,cursor/cv-predict-benchmark-suite-0bad,synthetic,120,6,walk-forward,4,MAXIMIZE_RETURN/ULCER_INDEX,MAXIMIZE_RETURN,ULCER_INDEX,,native,sklearn,,,CLARABEL,,,,,,0.03612046000000646,0.03612046000000646,nan,0.03612046000000646,0.03612046000000646,1,0.03612046,0.0,1.0,1.0,0.1078819787130431,0.0,0.0,nan,0,0,0,nan,unknown,True,False,1,1,1,ok,
1,2026-08-28T22:44:22.003471+00:00,afa641357bf765b58968d2fe9666189372aaa3df,cursor/cv-predict-benchmark-suite-0bad,synthetic,120,6,walk-forward,4,MAXIMIZE_RETURN/ULCER_INDEX,MAXIMIZE_RETURN,ULCER_INDEX,,accelerated,cvxpy-sequential,MeanRisk outside the compact subset (objective_function is not compacted),,CLARABEL,4,3,1,0,0,0.021476664000033452,0.021476664000033452,nan,0.021476664000033452,0.021476664000033452,1,0.021476664,-0.014643795999973008,0.5945844543516227,1.6818468641102826,0.1078819787130431,0.0,0.0,0.0,0,0,0,0.0,cvxpy-sequential,True,False,1,1,1,ok,
1,2026-08-28T22:44:22.003471+00:00,afa641357bf765b58968d2fe9666189372aaa3df,cursor/cv-predict-benchmark-suite-0bad,synthetic,120,6,walk-forward,4,MAXIMIZE_UTILITY/VARIANCE,MAXIMIZE_UTILITY,VARIANCE,,native,sklearn,,,CLARABEL,,,,,,0.03664402100002917,0.03664402100002917,nan,0.03664402100002917,0.03664402100002917,1,0.036644021,0.0,1.0,1.0,0.07134334900870193,0.0,0.0,nan,0,0,0,nan,unknown,True,False,1,1,1,ok,
1,2026-08-28T22:44:22.003471+00:00,afa641357bf765b58968d2fe9666189372aaa3df,cursor/cv-predict-benchmark-suite-0bad,synthetic,120,6,walk-forward,4,MAXIMIZE_UTILITY/VARIANCE,MAXIMIZE_UTILITY,VARIANCE,,accelerated,osqp,boxed MeanRisk variance; compact OSQP,,CLARABEL,4,3,0,1,3,0.002012930999967466,0.002012930999967466,nan,0.002012930999967466,0.002012930999967466,1,0.002012931,-0.034631090000061704,0.054932044711082983,18.20431053057528,0.07135300558191329,9.656573211364039e-06,0.00013535351711883056,9.656573211364039e-06,0,0,0,0.00014411330832320157,osqp,True,False,1,1,1,ok,
1,2026-08-28T22:44:22.003471+00:00,afa641357bf765b58968d2fe9666189372aaa3df,cursor/cv-predict-benchmark-suite-0bad,synthetic,120,6,walk-forward,4,MAXIMIZE_UTILITY/SEMI_VARIANCE,MAXIMIZE_UTILITY,SEMI_VARIANCE,,native,sklearn,,,CLARABEL,,,,,,0.03672928599996794,0.03672928599996794,nan,0.03672928599996794,0.03672928599996794,1,0.036729286,0.0,1.0,1.0,0.07160891974115656,0.0,0.0,nan,0,0,0,nan,unknown,True,False,1,1,1,ok,
1,2026-08-28T22:44:22.003471+00:00,afa641357bf765b58968d2fe9666189372aaa3df,cursor/cv-predict-benchmark-suite-0bad,synthetic,120,6,walk-forward,4,MAXIMIZE_UTILITY/SEMI_VARIANCE,MAXIMIZE_UTILITY,SEMI_VARIANCE,,accelerated,clarabel,boxed MeanRisk scenario risk; compact Clarabel,,CLARABEL,4,3,0,1,3,0.0037113240000508085,0.0037113240000508085,nan,0.0037113240000508085,0.0037113240000508085,1,0.003711324,-0.033017961999917134,0.10104536200496922,9.89654527588136,0.07160891974115634,-2.220446049250313e-16,-3.100795344038869e-15,2.220446049250313e-16,0,0,0,2.609024107869118e-15,clarabel,True,False,1,1,1,ok,
1,2026-08-28T22:44:22.003471+00:00,afa641357bf765b58968d2fe9666189372aaa3df,cursor/cv-predict-benchmark-suite-0bad,synthetic,120,6,walk-forward,4,MAXIMIZE_UTILITY/STANDARD_DEVIATION,MAXIMIZE_UTILITY,STANDARD_DEVIATION,,native,sklearn,,,CLARABEL,,,,,,0.03545040300002711,0.03545040300002711,nan,0.03545040300002711,0.03545040300002711,1,0.035450403,0.0,1.0,1.0,0.03271442267087228,0.0,0.0,nan,0,0,0,nan,unknown,True,False,1,1,1,ok,
1,2026-08-28T22:44:22.003471+00:00,afa641357bf765b58968d2fe9666189372aaa3df,cursor/cv-predict-benchmark-suite-0bad,synthetic,120,6,walk-forward,4,MAXIMIZE_UTILITY/STANDARD_DEVIATION,MAXIMIZE_UTILITY,STANDARD_DEVIATION,,accelerated,cvxpy-sequential,MeanRisk outside the compact subset (risk_measure is not compacted),,CLARABEL,4,3,1,0,0,0.018782159000011234,0.018782159000011234,nan,0.018782159000011234,0.018782159000011234,1,0.018782159,-0.016668244000015875,0.5298151053458228,1.8874509048723263,0.03271753302257341,3.1103517011271675e-06,9.507585484296228e-05,3.1103517011271675e-06,0,0,0,1.5962485445168012e-05,cvxpy-sequential,True,False,1,1,1,ok,
1,2026-08-28T22:44:22.003471+00:00,afa641357bf765b58968d2fe9666189372aaa3df,cursor/cv-predict-benchmark-suite-0bad,synthetic,120,6,walk-forward,4,MAXIMIZE_UTILITY/SEMI_DEVIATION,MAXIMIZE_UTILITY,SEMI_DEVIATION,,native,sklearn,,,CLARABEL,,,,,,0.03921793600000001,0.03921793600000001,nan,0.03921793600000001,0.03921793600000001,1,0.039217936,0.0,1.0,1.0,0.02206808661793754,0.0,0.0,nan,0,0,0,nan,unknown,True,False,1,1,1,ok,
1,2026-08-28T22:44:22.003471+00:00,afa641357bf765b58968d2fe9666189372aaa3df,cursor/cv-predict-benchmark-suite-0bad,synthetic,120,6,walk-forward,4,MAXIMIZE_UTILITY/SEMI_DEVIATION,MAXIMIZE_UTILITY,SEMI_DEVIATION,,accelerated,clarabel,boxed MeanRisk scenario risk; compact Clarabel,,CLARABEL,4,3,0,1,3,0.00434865100010029,0.00434865100010029,nan,0.00434865100010029,0.00434865100010029,1,0.004348651,-0.03486928499989972,0.11088423929551747,9.018414216062764,0.022068086618036876,9.933720512833588e-14,4.501396376049744e-12,9.933720512833588e-14,0,0,0,1.6302931227230033e-13,clarabel,True,False,1,1,1,ok,
1,2026-08-28T22:44:22.003471+00:00,afa641357bf765b58968d2fe9666189372aaa3df,cursor/cv-predict-benchmark-suite-0bad,synthetic,120,6,walk-forward,4,MAXIMIZE_UTILITY/MEAN_ABSOLUTE_DEVIATION,MAXIMIZE_UTILITY,MEAN_ABSOLUTE_DEVIATION,,native,sklearn,,,CLARABEL,,,,,,0.036112091999939366,0.036112091999939366,nan,0.036112091999939366,0.036112091999939366,1,0.036112092,0.0,1.0,1.0,-0.009365540446873303,0.0,0.0,nan,0,0,0,nan,unknown,True,False,1,1,1,ok,
1,2026-08-28T22:44:22.003471+00:00,afa641357bf765b58968d2fe9666189372aaa3df,cursor/cv-predict-benchmark-suite-0bad,synthetic,120,6,walk-forward,4,MAXIMIZE_UTILITY/MEAN_ABSOLUTE_DEVIATION,MAXIMIZE_UTILITY,MEAN_ABSOLUTE_DEVIATION,,accelerated,clarabel,boxed MeanRisk scenario risk; compact Clarabel,,CLARABEL,4,3,0,1,3,0.003131389000031959,0.003131389000031959,nan,0.003131389000031959,0.003131389000031959,1,0.003131389,-0.03298070299990741,0.08671303230057169,11.53229189971952,-0.00936548714899294,5.3297880362596084e-08,5.690849413862672e-06,5.3297880362596084e-08,0,0,0,2.5120143964940667e-07,clarabel,True,False,1,1,1,ok,
1,2026-08-28T22:44:22.003471+00:00,afa641357bf765b58968d2fe9666189372aaa3df,cursor/cv-predict-benchmark-suite-0bad,synthetic,120,6,walk-forward,4,MAXIMIZE_UTILITY/CVAR,MAXIMIZE_UTILITY,CVAR,,native,sklearn,,,CLARABEL,,,,,,0.03834647999997287,0.03834647999997287,nan,0.03834647999997287,0.03834647999997287,1,0.03834648,0.0,1.0,1.0,-0.007742694072210656,0.0,0.0,nan,0,0,0,nan,unknown,True,False,1,1,1,ok,
1,2026-08-28T22:44:22.003471+00:00,afa641357bf765b58968d2fe9666189372aaa3df,cursor/cv-predict-benchmark-suite-0bad,synthetic,120,6,walk-forward,4,MAXIMIZE_UTILITY/CVAR,MAXIMIZE_UTILITY,CVAR,,accelerated,clarabel,boxed MeanRisk scenario risk; compact Clarabel,,CLARABEL,4,3,0,1,3,0.0027223490000096717,0.0027223490000096717,nan,0.0027223490000096717,0.0027223490000096717,1,0.002722349,-0.0356241309999632,0.07099345233282423,14.085806044646237,-0.007742667129893225,2.6942317431742635e-08,3.4797083780491144e-06,2.6942317431742635e-08,0,0,0,7.322833439626919e-08,clarabel,True,False,1,1,1,ok,
1,2026-08-28T22:44:22.003471+00:00,afa641357bf765b58968d2fe9666189372aaa3df,cursor/cv-predict-benchmark-suite-0bad,synthetic,120,6,walk-forward,4,MAXIMIZE_UTILITY/EVAR,MAXIMIZE_UTILITY,EVAR,,native,sklearn,,,CLARABEL,,,,,,0.045349174000079984,0.045349174000079984,nan,0.045349174000079984,0.045349174000079984,1,0.045349174,0.0,1.0,1.0,-0.05344026863165406,0.0,0.0,nan,0,0,0,nan,unknown,True,False,1,1,1,ok,
1,2026-08-28T22:44:22.003471+00:00,afa641357bf765b58968d2fe9666189372aaa3df,cursor/cv-predict-benchmark-suite-0bad,synthetic,120,6,walk-forward,4,MAXIMIZE_UTILITY/EVAR,MAXIMIZE_UTILITY,EVAR,,accelerated,clarabel,boxed MeanRisk scenario risk; compact Clarabel,,CLARABEL,4,3,0,1,3,0.005579281999985142,0.005579281999985142,nan,0.005579281999985142,0.005579281999985142,1,0.005579282,-0.03976989200009484,0.12302940732669798,8.12813799341936,-0.05344658540799332,-6.316776339256036e-06,-0.00011820255588151076,6.316776339256036e-06,0,0,0,3.515182931942973e-05,clarabel,True,False,1,1,1,ok,
1,2026-08-28T22:44:22.003471+00:00,afa641357bf765b58968d2fe9666189372aaa3df,cursor/cv-predict-benchmark-suite-0bad,synthetic,120,6,walk-forward,4,MAXIMIZE_UTILITY/WORST_REALIZATION,MAXIMIZE_UTILITY,WORST_REALIZATION,,native,sklearn,,,CLARABEL,,,,,,0.03244264500006011,0.03244264500006011,nan,0.03244264500006011,0.03244264500006011,1,0.032442645,0.0,1.0,1.0,-0.04978754405830804,0.0,0.0,nan,0,0,0,nan,unknown,True,False,1,1,1,ok,
1,2026-08-28T22:44:22.003471+00:00,afa641357bf765b58968d2fe9666189372aaa3df,cursor/cv-predict-benchmark-suite-0bad,synthetic,120,6,walk-forward,4,MAXIMIZE_UTILITY/WORST_REALIZATION,MAXIMIZE_UTILITY,WORST_REALIZATION,,accelerated,clarabel,boxed MeanRisk scenario risk; compact Clarabel,,CLARABEL,4,3,0,1,3,0.002874729999916781,0.002874729999916781,nan,0.002874729999916781,0.002874729999916781,1,0.00287473,-0.02956791500014333,0.08860960627320782,11.285458112935572,-0.04978756303296065,-1.8974652606085218e-08,-3.8111244418610603e-07,1.8974652606085218e-08,0,0,0,1.0786258702877305e-07,clarabel,True,False,1,1,1,ok,
1,2026-08-28T22:44:22.003471+00:00,afa641357bf765b58968d2fe9666189372aaa3df,cursor/cv-predict-benchmark-suite-0bad,synthetic,120,6,walk-forward,4,MAXIMIZE_UTILITY/CDAR,MAXIMIZE_UTILITY,CDAR,,native,sklearn,,,CLARABEL,,,,,,0.04511603200000991,0.04511603200000991,nan,0.04511603200000991,0.04511603200000991,1,0.045116032,0.0,1.0,1.0,0.03131325449825484,0.0,0.0,nan,0,0,0,nan,unknown,True,False,1,1,1,ok,
1,2026-08-28T22:44:22.003471+00:00,afa641357bf765b58968d2fe9666189372aaa3df,cursor/cv-predict-benchmark-suite-0bad,synthetic,120,6,walk-forward,4,MAXIMIZE_UTILITY/CDAR,MAXIMIZE_UTILITY,CDAR,,accelerated,clarabel,boxed MeanRisk scenario risk; compact Clarabel,,CLARABEL,4,3,0,1,3,0.004381949999924473,0.004381949999924473,nan,0.004381949999924473,0.004381949999924473,1,0.00438195,-0.040734082000085436,0.09712622776585295,10.295880144864165,0.031313253155856986,-1.3423978525994862e-09,-4.2869956320710806e-08,1.3423978525994862e-09,0,0,0,2.1454968052170287e-08,clarabel,True,False,1,1,1,ok,
1,2026-08-28T22:44:22.003471+00:00,afa641357bf765b58968d2fe9666189372aaa3df,cursor/cv-predict-benchmark-suite-0bad,synthetic,120,6,walk-forward,4,MAXIMIZE_UTILITY/MAX_DRAWDOWN,MAXIMIZE_UTILITY,MAX_DRAWDOWN,,native,sklearn,,,CLARABEL,,,,,,0.03846678500008238,0.03846678500008238,nan,0.03846678500008238,0.03846678500008238,1,0.038466785,0.0,1.0,1.0,0.027150164139861818,0.0,0.0,nan,0,0,0,nan,unknown,True,False,1,1,1,ok,
1,2026-08-28T22:44:22.003471+00:00,afa641357bf765b58968d2fe9666189372aaa3df,cursor/cv-predict-benchmark-suite-0bad,synthetic,120,6,walk-forward,4,MAXIMIZE_UTILITY/MAX_DRAWDOWN,MAXIMIZE_UTILITY,MAX_DRAWDOWN,,accelerated,clarabel,boxed MeanRisk scenario risk; compact Clarabel,,CLARABEL,4,3,0,1,3,0.003896104999967065,0.003896104999967065,nan,0.003896104999967065,0.003896104999967065,1,0.003896105,-0.03457068000011532,0.10128491372384567,9.873138686048645,0.027150164362190053,2.2232823568280047e-10,8.18883578520907e-09,2.2232823568280047e-10,0,0,0,4.292685457096823e-09,clarabel,True,False,1,1,1,ok,
1,2026-08-28T22:44:22.003471+00:00,afa641357bf765b58968d2fe9666189372aaa3df,cursor/cv-predict-benchmark-suite-0bad,synthetic,120,6,walk-forward,4,MAXIMIZE_UTILITY/AVERAGE_DRAWDOWN,MAXIMIZE_UTILITY,AVERAGE_DRAWDOWN,,native,sklearn,,,CLARABEL,,,,,,0.03754467499993552,0.03754467499993552,nan,0.03754467499993552,0.03754467499993552,1,0.037544675,0.0,1.0,1.0,-0.007479464253077711,0.0,0.0,nan,0,0,0,nan,unknown,True,False,1,1,1,ok,
1,2026-08-28T22:44:22.003471+00:00,afa641357bf765b58968d2fe9666189372aaa3df,cursor/cv-predict-benchmark-suite-0bad,synthetic,120,6,walk-forward,4,MAXIMIZE_UTILITY/AVERAGE_DRAWDOWN,MAXIMIZE_UTILITY,AVERAGE_DRAWDOWN,,accelerated,clarabel,boxed MeanRisk scenario risk; compact Clarabel,,CLARABEL,4,3,0,1,3,0.004236745000071096,0.004236745000071096,nan,0.004236745000071096,0.004236745000071096,1,0.004236745,-0.03330792999986443,0.11284543014630895,8.861679189874655,-0.007479466714253282,-2.461175571503993e-09,-3.290577357183368e-07,2.461175571503993e-09,0,0,0,8.152370029046452e-08,clarabel,True,False,1,1,1,ok,
1,2026-08-28T22:44:22.003471+00:00,afa641357bf765b58968d2fe9666189372aaa3df,cursor/cv-predict-benchmark-suite-0bad,synthetic,120,6,walk-forward,4,MAXIMIZE_UTILITY/EDAR,MAXIMIZE_UTILITY,EDAR,,native,sklearn,,,CLARABEL,,,,,,0.053232557999990604,0.053232557999990604,nan,0.053232557999990604,0.053232557999990604,1,0.053232558,0.0,1.0,1.0,0.028091971476153336,0.0,0.0,nan,0,0,0,nan,unknown,True,False,1,1,1,ok,
1,2026-08-28T22:44:22.003471+00:00,afa641357bf765b58968d2fe9666189372aaa3df,cursor/cv-predict-benchmark-suite-0bad,synthetic,120,6,walk-forward,4,MAXIMIZE_UTILITY/EDAR,MAXIMIZE_UTILITY,EDAR,,accelerated,clarabel,boxed MeanRisk scenario risk; compact Clarabel,,CLARABEL,4,3,0,1,3,0.007589041000073848,0.007589041000073848,nan,0.007589041000073848,0.007589041000073848,1,0.007589041,-0.045643516999916756,0.14256389858393032,7.014398525383195,0.028092189376709067,2.1790055573095435e-07,7.756684357875182e-06,2.1790055573095435e-07,0,0,0,1.0058930747305905e-06,clarabel,True,False,1,1,1,ok,
1,2026-08-28T22:44:22.003471+00:00,afa641357bf765b58968d2fe9666189372aaa3df,cursor/cv-predict-benchmark-suite-0bad,synthetic,120,6,walk-forward,4,MAXIMIZE_UTILITY/FIRST_LOWER_PARTIAL_MOMENT,MAXIMIZE_UTILITY,FIRST_LOWER_PARTIAL_MOMENT,,native,sklearn,,,CLARABEL,,,,,,0.03637769199997365,0.03637769199997365,nan,0.03637769199997365,0.03637769199997365,1,0.036377692,0.0,1.0,1.0,0.024283390617147963,0.0,0.0,nan,0,0,0,nan,unknown,True,False,1,1,1,ok,
1,2026-08-28T22:44:22.003471+00:00,afa641357bf765b58968d2fe9666189372aaa3df,cursor/cv-predict-benchmark-suite-0bad,synthetic,120,6,walk-forward,4,MAXIMIZE_UTILITY/FIRST_LOWER_PARTIAL_MOMENT,MAXIMIZE_UTILITY,FIRST_LOWER_PARTIAL_MOMENT,,accelerated,clarabel,boxed MeanRisk scenario risk; compact Clarabel,,CLARABEL,4,3,0,1,3,0.003206951000038316,0.003206951000038316,nan,0.003206951000038316,0.003206951000038316,1,0.003206951,-0.03317074099993533,0.0881570771460883,11.343388782534879,0.024283174355801556,-2.1626134640712058e-07,-8.905731074243209e-06,2.1626134640712058e-07,0,0,0,1.2274353479169164e-06,clarabel,True,False,1,1,1,ok,
1,2026-08-28T22:44:22.003471+00:00,afa641357bf765b58968d2fe9666189372aaa3df,cursor/cv-predict-benchmark-suite-0bad,synthetic,120,6,walk-forward,4,MAXIMIZE_UTILITY/ULCER_INDEX,MAXIMIZE_UTILITY,ULCER_INDEX,,native,sklearn,,,CLARABEL,,,,,,0.04152732899990497,0.04152732899990497,nan,0.04152732899990497,0.04152732899990497,1,0.041527329,0.0,1.0,1.0,-0.0008733065907156097,0.0,0.0,nan,0,0,0,nan,unknown,True,False,1,1,1,ok,
1,2026-08-28T22:44:22.003471+00:00,afa641357bf765b58968d2fe9666189372aaa3df,cursor/cv-predict-benchmark-suite-0bad,synthetic,120,6,walk-forward,4,MAXIMIZE_UTILITY/ULCER_INDEX,MAXIMIZE_UTILITY,ULCER_INDEX,,accelerated,cvxpy-sequential,MeanRisk outside the compact subset (risk_measure is not compacted),,CLARABEL,4,3,1,0,0,0.02426349500001379,0.02426349500001379,nan,0.02426349500001379,0.02426349500001379,1,0.024263495,-0.017263833999891176,0.584277765614767,1.7115147261299892,-0.0008733065907133499,2.259802588111537e-15,2.5876394523254395e-12,2.259802588111537e-15,0,0,0,2.4300006451483114e-14,cvxpy-sequential,True,False,1,1,1,ok,
1,2026-08-28T22:44:22.003471+00:00,afa641357bf765b58968d2fe9666189372aaa3df,cursor/cv-predict-benchmark-suite-0bad,synthetic,120,6,walk-forward,4,MAXIMIZE_RATIO/VARIANCE,MAXIMIZE_RATIO,VARIANCE,,native,sklearn,,,CLARABEL,,,,,,0.03974896700003683,0.03974896700003683,nan,0.03974896700003683,0.03974896700003683,1,0.039748967,0.0,1.0,1.0,0.058722889625409905,0.0,0.0,nan,0,0,0,nan,unknown,True,False,1,1,1,ok,
1,2026-08-28T22:44:22.003471+00:00,afa641357bf765b58968d2fe9666189372aaa3df,cursor/cv-predict-benchmark-suite-0bad,synthetic,120,6,walk-forward,4,MAXIMIZE_RATIO/VARIANCE,MAXIMIZE_RATIO,VARIANCE,,accelerated,fit-assemble,MAXIMIZE_RATIO homogenization is not parameterized,objective_function is not compacted,CLARABEL,4,0,0,0,0,0.0338875120000921,0.0338875120000921,nan,0.0338875120000921,0.0338875120000921,1,0.033887512,-0.005861454999944726,0.8525381804277002,1.1729679948155767,0.058722889625416684,6.779299344117362e-15,1.15445602002254e-13,6.779299344117362e-15,0,0,0,5.91332538490974e-14,fit-assemble:objective_function is not compacted,True,False,1,1,1,ok,
1,2026-08-28T22:44:22.003471+00:00,afa641357bf765b58968d2fe9666189372aaa3df,cursor/cv-predict-benchmark-suite-0bad,synthetic,120,6,walk-forward,4,MAXIMIZE_RATIO/SEMI_VARIANCE,MAXIMIZE_RATIO,SEMI_VARIANCE,,native,sklearn,,,CLARABEL,,,,,,0.03877832099999523,0.03877832099999523,nan,0.03877832099999523,0.03877832099999523,1,0.038778321,0.0,1.0,1.0,0.05053201902172854,0.0,0.0,nan,0,0,0,nan,unknown,True,False,1,1,1,ok,
1,2026-08-28T22:44:22.003471+00:00,afa641357bf765b58968d2fe9666189372aaa3df,cursor/cv-predict-benchmark-suite-0bad,synthetic,120,6,walk-forward,4,MAXIMIZE_RATIO/SEMI_VARIANCE,MAXIMIZE_RATIO,SEMI_VARIANCE,,accelerated,fit-assemble,MAXIMIZE_RATIO homogenization is not parameterized,objective_function is not compacted,CLARABEL,4,0,0,0,0,0.033934207000015704,0.033934207000015704,nan,0.033934207000015704,0.033934207000015704,1,0.033934207,-0.004844113999979527,0.8750819046554357,1.1427501753607292,0.05053201968374171,6.620131665080464e-10,1.3100865141038274e-08,6.620131665080464e-10,0,0,0,4.0235407228195186e-09,fit-assemble:objective_function is not compacted,True,False,1,1,1,ok,
1,2026-08-28T22:44:22.003471+00:00,afa641357bf765b58968d2fe9666189372aaa3df,cursor/cv-predict-benchmark-suite-0bad,synthetic,120,6,walk-forward,4,MAXIMIZE_RATIO/STANDARD_DEVIATION,MAXIMIZE_RATIO,STANDARD_DEVIATION,,native,sklearn,,,CLARABEL,,,,,,0.041500422000012804,0.041500422000012804,nan,0.041500422000012804,0.041500422000012804,1,0.041500422,0.0,1.0,1.0,0.056960071006558415,0.0,0.0,nan,0,0,0,nan,unknown,True,False,1,1,1,ok,
1,2026-08-28T22:44:22.003471+00:00,afa641357bf765b58968d2fe9666189372aaa3df,cursor/cv-predict-benchmark-suite-0bad,synthetic,120,6,walk-forward,4,MAXIMIZE_RATIO/STANDARD_DEVIATION,MAXIMIZE_RATIO,STANDARD_DEVIATION,,accelerated,fit-assemble,MAXIMIZE_RATIO homogenization is not parameterized,objective_function is not compacted,CLARABEL,4,0,0,0,0,0.03261168599999564,0.03261168599999564,nan,0.03261168599999564,0.03261168599999564,1,0.032611686,-0.008888736000017161,0.7858157683308759,1.2725629088915658,0.05696007100621517,-3.4324626474457887e-13,-6.0260856189076255e-12,3.4324626474457887e-13,0,0,0,4.466343961340158e-12,fit-assemble:objective_function is not compacted,True,False,1,1,1,ok,
1,2026-08-28T22:44:22.003471+00:00,afa641357bf765b58968d2fe9666189372aaa3df,cursor/cv-predict-benchmark-suite-0bad,synthetic,120,6,walk-forward,4,MAXIMIZE_RATIO/SEMI_DEVIATION,MAXIMIZE_RATIO,SEMI_DEVIATION,,native,sklearn,,,CLARABEL,,,,,,0.04198284500000682,0.04198284500000682,nan,0.04198284500000682,0.04198284500000682,1,0.041982845,0.0,1.0,1.0,0.050230515514934744,0.0,0.0,nan,0,0,0,nan,unknown,True,False,1,1,1,ok,
1,2026-08-28T22:44:22.003471+00:00,afa641357bf765b58968d2fe9666189372aaa3df,cursor/cv-predict-benchmark-suite-0bad,synthetic,120,6,walk-forward,4,MAXIMIZE_RATIO/SEMI_DEVIATION,MAXIMIZE_RATIO,SEMI_DEVIATION,,accelerated,fit-assemble,MAXIMIZE_RATIO homogenization is not parameterized,objective_function is not compacted,CLARABEL,4,0,0,0,0,0.03668389099993874,0.03668389099993874,nan,0.03668389099993874,0.03668389099993874,1,0.036683891,-0.005298954000068079,0.8737828748845577,1.1444490716668232,0.050230515514947525,1.2781442570997115e-14,2.544557315402603e-13,1.2781442570997115e-14,0,0,0,3.49220652395843e-13,fit-assemble:objective_function is not compacted,True,False,1,1,1,ok,
1,2026-08-28T22:44:22.003471+00:00,afa641357bf765b58968d2fe9666189372aaa3df,cursor/cv-predict-benchmark-suite-0bad,synthetic,120,6,walk-forward,4,MAXIMIZE_RATIO/MEAN_ABSOLUTE_DEVIATION,MAXIMIZE_RATIO,MEAN_ABSOLUTE_DEVIATION,,native,sklearn,,,CLARABEL,,,,,,0.0378125380000256,0.0378125380000256,nan,0.0378125380000256,0.0378125380000256,1,0.037812538,0.0,1.0,1.0,0.05528780990955475,0.0,0.0,nan,0,0,0,nan,unknown,True,False,1,1,1,ok,
1,2026-08-28T22:44:22.003471+00:00,afa641357bf765b58968d2fe9666189372aaa3df,cursor/cv-predict-benchmark-suite-0bad,synthetic,120,6,walk-forward,4,MAXIMIZE_RATIO/MEAN_ABSOLUTE_DEVIATION,MAXIMIZE_RATIO,MEAN_ABSOLUTE_DEVIATION,,accelerated,fit-assemble,MAXIMIZE_RATIO homogenization is not parameterized,objective_function is not compacted,CLARABEL,4,0,0,0,0,0.03289322699993136,0.03289322699993136,nan,0.03289322699993136,0.03289322699993136,1,0.032893227,-0.00491931100009424,0.8699026497483213,1.1495539188084072,0.0552878099095547,-4.85722573273506e-17,-8.785346608377124e-16,4.85722573273506e-17,0,0,0,5.551115123125783e-16,fit-assemble:objective_function is not compacted,True,False,1,1,1,ok,
1,2026-08-28T22:44:22.003471+00:00,afa641357bf765b58968d2fe9666189372aaa3df,cursor/cv-predict-benchmark-suite-0bad,synthetic,120,6,walk-forward,4,MAXIMIZE_RATIO/CVAR,MAXIMIZE_RATIO,CVAR,,native,sklearn,,,CLARABEL,,,,,,0.03997774800006937,0.03997774800006937,nan,0.03997774800006937,0.03997774800006937,1,0.039977748,0.0,1.0,1.0,0.04542621268900294,0.0,0.0,nan,0,0,0,nan,unknown,True,False,1,1,1,ok,
1,2026-08-28T22:44:22.003471+00:00,afa641357bf765b58968d2fe9666189372aaa3df,cursor/cv-predict-benchmark-suite-0bad,synthetic,120,6,walk-forward,4,MAXIMIZE_RATIO/CVAR,MAXIMIZE_RATIO,CVAR,,accelerated,fit-assemble,MAXIMIZE_RATIO homogenization is not parameterized,objective_function is not compacted,CLARABEL,4,0,0,0,0,0.034904987999993864,0.034904987999993864,nan,0.034904987999993864,0.034904987999993864,1,0.034904988,-0.005072760000075505,0.8731104113201499,1.1453305183796767,0.045426212688998144,-4.794775687599895e-15,-1.0555085717635986e-13,4.794775687599895e-15,0,0,0,7.363554210826351e-14,fit-assemble:objective_function is not compacted,True,False,1,1,1,ok,
1,2026-08-28T22:44:22.003471+00:00,afa641357bf765b58968d2fe9666189372aaa3df,cursor/cv-predict-benchmark-suite-0bad,synthetic,120,6,walk-forward,4,MAXIMIZE_RATIO/EVAR,MAXIMIZE_RATIO,EVAR,,native,sklearn,,,CLARABEL,,,,,,0.04848938499992528,0.04848938499992528,nan,0.04848938499992528,0.04848938499992528,1,0.048489385,0.0,1.0,1.0,0.03782087739700955,0.0,0.0,nan,0,0,0,nan,unknown,True,False,1,1,1,ok,
1,2026-08-28T22:44:22.003471+00:00,afa641357bf765b58968d2fe9666189372aaa3df,cursor/cv-predict-benchmark-suite-0bad,synthetic,120,6,walk-forward,4,MAXIMIZE_RATIO/EVAR,MAXIMIZE_RATIO,EVAR,,accelerated,fit-assemble,MAXIMIZE_RATIO homogenization is not parameterized,objective_function is not compacted,CLARABEL,4,0,0,0,0,0.04119278600001053,0.04119278600001053,nan,0.04119278600001053,0.04119278600001053,1,0.041192786,-0.00729659899991475,0.8495217252203551,1.1771329329342493,0.03782087809321448,6.962049270420323e-10,1.8407952828113933e-08,6.962049270420323e-10,0,0,0,2.4877887916385788e-08,fit-assemble:objective_function is not compacted,True,False,1,1,1,ok,
1,2026-08-28T22:44:22.003471+00:00,afa641357bf765b58968d2fe9666189372aaa3df,cursor/cv-predict-benchmark-suite-0bad,synthetic,120,6,walk-forward,4,MAXIMIZE_RATIO/WORST_REALIZATION,MAXIMIZE_RATIO,WORST_REALIZATION,,native,sklearn,,,CLARABEL,,,,,,0.0332449859999997,0.0332449859999997,nan,0.0332449859999997,0.0332449859999997,1,0.033244986,0.0,1.0,1.0,0.03684070476197016,0.0,0.0,nan,0,0,0,nan,unknown,True,False,1,1,1,ok,
1,2026-08-28T22:44:22.003471+00:00,afa641357bf765b58968d2fe9666189372aaa3df,cursor/cv-predict-benchmark-suite-0bad,synthetic,120,6,walk-forward,4,MAXIMIZE_RATIO/WORST_REALIZATION,MAXIMIZE_RATIO,WORST_REALIZATION,,accelerated,fit-assemble,MAXIMIZE_RATIO homogenization is not parameterized,objective_function is not compacted,CLARABEL,4,0,0,0,0,0.028594194999982392,0.028594194999982392,nan,0.028594194999982392,0.028594194999982392,1,0.028594195,-0.004650791000017307,0.8601054907943908,1.1626480829420156,0.0368407047619728,2.6367796834847468e-15,7.157245499295214e-14,2.6367796834847468e-15,0,0,0,8.193445921733655e-14,fit-assemble:objective_function is not compacted,True,False,1,1,1,ok,
1,2026-08-28T22:44:22.003471+00:00,afa641357bf765b58968d2fe9666189372aaa3df,cursor/cv-predict-benchmark-suite-0bad,synthetic,120,6,walk-forward,4,MAXIMIZE_RATIO/CDAR,MAXIMIZE_RATIO,CDAR,,native,sklearn,,,CLARABEL,,,,,,0.04684784599999148,0.04684784599999148,nan,0.04684784599999148,0.04684784599999148,1,0.046847846,0.0,1.0,1.0,0.05171680776814213,0.0,0.0,nan,0,0,0,nan,unknown,True,False,1,1,1,ok,
1,2026-08-28T22:44:22.003471+00:00,afa641357bf765b58968d2fe9666189372aaa3df,cursor/cv-predict-benchmark-suite-0bad,synthetic,120,6,walk-forward,4,MAXIMIZE_RATIO/CDAR,MAXIMIZE_RATIO,CDAR,,accelerated,fit-assemble,MAXIMIZE_RATIO homogenization is not parameterized,objective_function is not compacted,CLARABEL,4,0,0,0,0,0.04212718299993412,0.04212718299993412,nan,0.04212718299993412,0.04212718299993412,1,0.042127183,-0.004720663000057357,0.8992341504867009,1.1120574095843232,0.05171680776814165,-4.787836793695988e-16,-9.257796450161652e-15,4.787836793695988e-16,0,0,0,7.732703366514215e-14,fit-assemble:objective_function is not compacted,True,False,1,1,1,ok,
1,2026-08-28T22:44:22.003471+00:00,afa641357bf765b58968d2fe9666189372aaa3df,cursor/cv-predict-benchmark-suite-0bad,synthetic,120,6,walk-forward,4,MAXIMIZE_RATIO/MAX_DRAWDOWN,MAXIMIZE_RATIO,MAX_DRAWDOWN,,native,sklearn,,,CLARABEL,,,,,,0.03932116300006783,0.03932116300006783,nan,0.03932116300006783,0.03932116300006783,1,0.039321163,0.0,1.0,1.0,0.05056481970145801,0.0,0.0,nan,0,0,0,nan,unknown,True,False,1,1,1,ok,
1,2026-08-28T22:44:22.003471+00:00,afa641357bf765b58968d2fe9666189372aaa3df,cursor/cv-predict-benchmark-suite-0bad,synthetic,120,6,walk-forward,4,MAXIMIZE_RATIO/MAX_DRAWDOWN,MAXIMIZE_RATIO,MAX_DRAWDOWN,,accelerated,fit-assemble,MAXIMIZE_RATIO homogenization is not parameterized,objective_function is not compacted,CLARABEL,4,0,0,0,0,0.03453819300000305,0.03453819300000305,nan,0.03453819300000305,0.03453819300000305,1,0.034538193,-0.004782970000064779,0.8783614309664104,1.1384835043357466,0.05056481970145769,-3.191891195797325e-16,-6.312474195780211e-15,3.191891195797325e-16,0,0,0,6.022959908591474e-15,fit-assemble:objective_function is not compacted,True,False,1,1,1,ok,
1,2026-08-28T22:44:22.003471+00:00,afa641357bf765b58968d2fe9666189372aaa3df,cursor/cv-predict-benchmark-suite-0bad,synthetic,120,6,walk-forward,4,MAXIMIZE_RATIO/AVERAGE_DRAWDOWN,MAXIMIZE_RATIO,AVERAGE_DRAWDOWN,,native,sklearn,,,CLARABEL,,,,,,0.03880064400004812,0.03880064400004812,nan,0.03880064400004812,0.03880064400004812,1,0.038800644,0.0,1.0,1.0,0.06397380150773505,0.0,0.0,nan,0,0,0,nan,unknown,True,False,1,1,1,ok,
1,2026-08-28T22:44:22.003471+00:00,afa641357bf765b58968d2fe9666189372aaa3df,cursor/cv-predict-benchmark-suite-0bad,synthetic,120,6,walk-forward,4,MAXIMIZE_RATIO/AVERAGE_DRAWDOWN,MAXIMIZE_RATIO,AVERAGE_DRAWDOWN,,accelerated,fit-assemble,MAXIMIZE_RATIO homogenization is not parameterized,objective_function is not compacted,CLARABEL,4,0,0,0,0,0.03393654199999219,0.03393654199999219,nan,0.03393654199999219,0.03393654199999219,1,0.033936542,-0.0048641020000559365,0.874638627130779,1.1433293350883262,0.06397380150773495,-9.71445146547012e-17,-1.5185046435446781e-15,9.71445146547012e-17,0,0,0,2.220446049250313e-15,fit-assemble:objective_function is not compacted,True,False,1,1,1,ok,
1,2026-08-28T22:44:22.003471+00:00,afa641357bf765b58968d2fe9666189372aaa3df,cursor/cv-predict-benchmark-suite-0bad,synthetic,120,6,walk-forward,4,MAXIMIZE_RATIO/EDAR,MAXIMIZE_RATIO,EDAR,,native,sklearn,,,CLARABEL,,,,,,0.05451249399993685,0.05451249399993685,nan,0.05451249399993685,0.05451249399993685,1,0.054512494,0.0,1.0,1.0,0.0505664314807896,0.0,0.0,nan,0,0,0,nan,unknown,True,False,1,1,1,ok,
1,2026-08-28T22:44:22.003471+00:00,afa641357bf765b58968d2fe9666189372aaa3df,cursor/cv-predict-benchmark-suite-0bad,synthetic,120,6,walk-forward,4,MAXIMIZE_RATIO/EDAR,MAXIMIZE_RATIO,EDAR,,accelerated,fit-assemble,MAXIMIZE_RATIO homogenization is not parameterized,objective_function is not compacted,CLARABEL,4,0,0,0,0,0.050057905000016945,0.050057905000016945,nan,0.050057905000016945,0.050057905000016945,1,0.050057905,-0.004454588999919906,0.9182831554189198,1.0889887221592354,0.050566431477394515,-3.3950828259854404e-12,-6.714104053941886e-11,3.3950828259854404e-12,0,0,0,1.2376888403053954e-10,fit-assemble:objective_function is not compacted,True,False,1,1,1,ok,
1,2026-08-28T22:44:22.003471+00:00,afa641357bf765b58968d2fe9666189372aaa3df,cursor/cv-predict-benchmark-suite-0bad,synthetic,120,6,walk-forward,4,MAXIMIZE_RATIO/FIRST_LOWER_PARTIAL_MOMENT,MAXIMIZE_RATIO,FIRST_LOWER_PARTIAL_MOMENT,,native,sklearn,,,CLARABEL,,,,,,0.038157402000024376,0.038157402000024376,nan,0.038157402000024376,0.038157402000024376,1,0.038157402,0.0,1.0,1.0,0.05528780924428422,0.0,0.0,nan,0,0,0,nan,unknown,True,False,1,1,1,ok,
1,2026-08-28T22:44:22.003471+00:00,afa641357bf765b58968d2fe9666189372aaa3df,cursor/cv-predict-benchmark-suite-0bad,synthetic,120,6,walk-forward,4,MAXIMIZE_RATIO/FIRST_LOWER_PARTIAL_MOMENT,MAXIMIZE_RATIO,FIRST_LOWER_PARTIAL_MOMENT,,accelerated,fit-assemble,MAXIMIZE_RATIO homogenization is not parameterized,objective_function is not compacted,CLARABEL,4,0,0,0,0,0.03316234800001894,0.03316234800001894,nan,0.03316234800001894,0.03316234800001894,1,0.033162348,-0.004995054000005439,0.8690934461417932,1.150624256159503,0.05528780924428432,1.0408340855860843e-16,1.8825742958764242e-15,1.0408340855860843e-16,0,0,0,8.881784197001252e-16,fit-assemble:objective_function is not compacted,True,False,1,1,1,ok,
1,2026-08-28T22:44:22.003471+00:00,afa641357bf765b58968d2fe9666189372aaa3df,cursor/cv-predict-benchmark-suite-0bad,synthetic,120,6,walk-forward,4,MAXIMIZE_RATIO/ULCER_INDEX,MAXIMIZE_RATIO,ULCER_INDEX,,native,sklearn,,,CLARABEL,,,,,,0.04388003799999751,0.04388003799999751,nan,0.04388003799999751,0.04388003799999751,1,0.043880038,0.0,1.0,1.0,0.06323863020362387,0.0,0.0,nan,0,0,0,nan,unknown,True,False,1,1,1,ok,
1,2026-08-28T22:44:22.003471+00:00,afa641357bf765b58968d2fe9666189372aaa3df,cursor/cv-predict-benchmark-suite-0bad,synthetic,120,6,walk-forward,4,MAXIMIZE_RATIO/ULCER_INDEX,MAXIMIZE_RATIO,ULCER_INDEX,,accelerated,fit-assemble,MAXIMIZE_RATIO homogenization is not parameterized,objective_function is not compacted,CLARABEL,4,0,0,0,0,0.038163606000011896,0.038163606000011896,nan,0.038163606000011896,0.038163606000011896,1,0.038163606,-0.005716431999985616,0.8697259104473442,1.1497875226985583,0.06323863020362408,2.0816681711721685e-16,3.2917667009379324e-15,2.0816681711721685e-16,0,0,0,5.1209037010835345e-15,fit-assemble:objective_function is not compacted,True,False,1,1,1,ok,
1,2026-08-28T22:44:22.003471+00:00,afa641357bf765b58968d2fe9666189372aaa3df,cursor/cv-predict-benchmark-suite-0bad,synthetic,120,6,walk-forward,4,MINIMIZE_RISK/VARIANCE+min_return,MINIMIZE_RISK,VARIANCE,min_return,native,sklearn,,,CLARABEL,,,,,,0.0386834189999945,0.0386834189999945,nan,0.0386834189999945,0.0386834189999945,1,0.038683419,0.0,1.0,1.0,0.1056901603000324,0.0,0.0,nan,0,0,0,nan,unknown,True,False,1,1,1,ok,
1,2026-08-28T22:44:22.003471+00:00,afa641357bf765b58968d2fe9666189372aaa3df,cursor/cv-predict-benchmark-suite-0bad,synthetic,120,6,walk-forward,4,MINIMIZE_RISK/VARIANCE+min_return,MINIMIZE_RISK,VARIANCE,min_return,accelerated,cvxpy-sequential,MeanRisk outside the compact subset (minimum return is not compacted),,CLARABEL,4,3,1,0,0,0.019499341000027925,0.019499341000027925,nan,0.019499341000027925,0.019499341000027925,1,0.019499341,-0.019184077999966576,0.5040749112696242,1.983832120272121,0.10560217027843397,-8.799002159844138e-05,-0.0008325280361828952,8.799002159844138e-05,0,0,0,0.00021044683520667247,cvxpy-sequential,True,False,1,1,1,ok,
1,2026-08-28T22:44:22.003471+00:00,afa641357bf765b58968d2fe9666189372aaa3df,cursor/cv-predict-benchmark-suite-0bad,synthetic,120,6,walk-forward,4,MINIMIZE_RISK/VARIANCE+linear_constraints,MINIMIZE_RISK,VARIANCE,linear_constraints,native,sklearn,,,CLARABEL,,,,,,0.03661979399998927,0.03661979399998927,nan,0.03661979399998927,0.03661979399998927,1,0.036619794,0.0,1.0,1.0,0.022659726044071928,0.0,0.0,nan,0,0,0,nan,unknown,True,False,1,1,1,ok,
1,2026-08-28T22:44:22.003471+00:00,afa641357bf765b58968d2fe9666189372aaa3df,cursor/cv-predict-benchmark-suite-0bad,synthetic,120,6,walk-forward,4,MINIMIZE_RISK/VARIANCE+linear_constraints,MINIMIZE_RISK,VARIANCE,linear_constraints,accelerated,cvxpy-sequential,MeanRisk outside the compact subset (linear constraints is not compacted),,CLARABEL,4,3,1,0,0,0.019135951999942336,0.019135951999942336,nan,0.019135951999942336,0.019135951999942336,1,0.019135952,-0.017483842000046934,0.5225576091429663,1.9136646036789609,0.02263484980446788,-2.4876239604048472e-05,-0.0010978173149871957,2.4876239604048472e-05,0,0,0,0.00010010277710181814,cvxpy-sequential,True,False,1,1,1,ok,
1,2026-08-28T22:44:22.003471+00:00,afa641357bf765b58968d2fe9666189372aaa3df,cursor/cv-predict-benchmark-suite-0bad,synthetic,120,6,walk-forward,4,MINIMIZE_RISK/VARIANCE+management_fees,MINIMIZE_RISK,VARIANCE,management_fees,native,sklearn,,,CLARABEL,,,,,,0.03415126599998075,0.03415126599998075,nan,0.03415126599998075,0.03415126599998075,1,0.034151266,0.0,1.0,1.0,0.007392114752274544,0.0,0.0,nan,0,0,0,nan,unknown,True,False,1,1,1,ok,
1,2026-08-28T22:44:22.003471+00:00,afa641357bf765b58968d2fe9666189372aaa3df,cursor/cv-predict-benchmark-suite-0bad,synthetic,120,6,walk-forward,4,MINIMIZE_RISK/VARIANCE+management_fees,MINIMIZE_RISK,VARIANCE,management_fees,accelerated,cvxpy-sequential,MeanRisk outside the compact subset (management fees are not compacted),,CLARABEL,4,3,1,0,0,0.018464621000020998,0.018464621000020998,nan,0.018464621000020998,0.018464621000020998,1,0.018464621,-0.015686644999959753,0.5406716401093712,1.849551420521543,0.0073728832730186695,-1.923147925587433e-05,-0.002601620767583029,1.923147925587433e-05,0,0,0,3.816625556607445e-05,cvxpy-sequential,True,False,1,1,1,ok,
1,2026-08-28T22:44:22.003471+00:00,afa641357bf765b58968d2fe9666189372aaa3df,cursor/cv-predict-benchmark-suite-0bad,synthetic,120,6,walk-forward,4,MINIMIZE_RISK/VARIANCE+l1_coef,MINIMIZE_RISK,VARIANCE,l1_coef,native,sklearn,,,CLARABEL,,,,,,0.03660803099990062,0.03660803099990062,nan,0.03660803099990062,0.03660803099990062,1,0.036608031,0.0,1.0,1.0,0.022739315617122256,0.0,0.0,nan,0,0,0,nan,unknown,True,False,1,1,1,ok,
1,2026-08-28T22:44:22.003471+00:00,afa641357bf765b58968d2fe9666189372aaa3df,cursor/cv-predict-benchmark-suite-0bad,synthetic,120,6,walk-forward,4,MINIMIZE_RISK/VARIANCE+l1_coef,MINIMIZE_RISK,VARIANCE,l1_coef,accelerated,cvxpy-sequential,MeanRisk outside the compact subset (l1_coef is not compacted),,CLARABEL,4,3,1,0,0,0.019274238999969384,0.019274238999969384,nan,0.019274238999969384,0.019274238999969384,1,0.019274239,-0.017333791999931236,0.5265030233399253,1.8993243261100359,0.022751118500512462,1.1802883390206464e-05,0.0005190518302722851,1.1802883390206464e-05,0,0,0,2.3232795061119138e-05,cvxpy-sequential,True,False,1,1,1,ok,
1,2026-08-28T22:44:22.003471+00:00,afa641357bf765b58968d2fe9666189372aaa3df,cursor/cv-predict-benchmark-suite-0bad,synthetic,120,6,walk-forward,4,MINIMIZE_RISK/CVAR+min_return,MINIMIZE_RISK,CVAR,min_return,native,sklearn,,,CLARABEL,,,,,,0.040061510999976235,0.040061510999976235,nan,0.040061510999976235,0.040061510999976235,1,0.040061511,0.0,1.0,1.0,0.09503934489167208,0.0,0.0,nan,0,0,0,nan,unknown,True,False,1,1,1,ok,
1,2026-08-28T22:44:22.003471+00:00,afa641357bf765b58968d2fe9666189372aaa3df,cursor/cv-predict-benchmark-suite-0bad,synthetic,120,6,walk-forward,4,MINIMIZE_RISK/CVAR+min_return,MINIMIZE_RISK,CVAR,min_return,accelerated,cvxpy-sequential,MeanRisk outside the compact subset (minimum return is not compacted),,CLARABEL,4,3,1,0,0,0.022281184999997095,0.022281184999997095,nan,0.022281184999997095,0.022281184999997095,1,0.022281185,-0.01778032599997914,0.5561743539830615,1.7979973237501263,0.09503934706950411,2.1778320258292183e-09,2.2915057214583696e-08,2.1778320258292183e-09,0,0,0,1.36249265203503e-08,cvxpy-sequential,True,False,1,1,1,ok,
1,2026-08-28T22:44:22.003471+00:00,afa641357bf765b58968d2fe9666189372aaa3df,cursor/cv-predict-benchmark-suite-0bad,synthetic,120,6,walk-forward,4,MINIMIZE_RISK/MEAN_ABSOLUTE_DEVIATION+l2_0,MINIMIZE_RISK,MEAN_ABSOLUTE_DEVIATION,l2_0,native,sklearn,,,CLARABEL,,,,,,0.02872181600002932,0.02872181600002932,nan,0.02872181600002932,0.02872181600002932,1,0.028721816,0.0,1.0,1.0,0.016997955669265218,0.0,0.0,nan,0,0,0,nan,unknown,True,False,1,1,1,ok,
1,2026-08-28T22:44:22.003471+00:00,afa641357bf765b58968d2fe9666189372aaa3df,cursor/cv-predict-benchmark-suite-0bad,synthetic,120,6,walk-forward,4,MINIMIZE_RISK/MEAN_ABSOLUTE_DEVIATION+l2_0,MINIMIZE_RISK,MEAN_ABSOLUTE_DEVIATION,l2_0,accelerated,highs,boxed MeanRisk LP; persistent HiGHS simplex,,CLARABEL,4,3,0,1,3,0.002836823000052391,0.002836823000052391,nan,0.002836823000052391,0.002836823000052391,1,0.002836823,-0.02588499299997693,0.09876892881875905,10.124641544255276,0.016997693386510096,-2.6228275512227284e-07,-1.5430252921327375e-05,2.6228275512227284e-07,0,0,0,1.488044107711417e-06,highs,True,False,1,1,1,ok,
1,2026-08-28T22:44:22.003471+00:00,afa641357bf765b58968d2fe9666189372aaa3df,cursor/cv-predict-benchmark-suite-0bad,synthetic,120,6,walk-forward,4,MINIMIZE_RISK/FIRST_LOWER_PARTIAL_MOMENT+l2_0,MINIMIZE_RISK,FIRST_LOWER_PARTIAL_MOMENT,l2_0,native,sklearn,,,CLARABEL,,,,,,0.02917544399997496,0.02917544399997496,nan,0.02917544399997496,0.02917544399997496,1,0.029175444,0.0,1.0,1.0,0.01699817897131159,0.0,0.0,nan,0,0,0,nan,unknown,True,False,1,1,1,ok,
1,2026-08-28T22:44:22.003471+00:00,afa641357bf765b58968d2fe9666189372aaa3df,cursor/cv-predict-benchmark-suite-0bad,synthetic,120,6,walk-forward,4,MINIMIZE_RISK/FIRST_LOWER_PARTIAL_MOMENT+l2_0,MINIMIZE_RISK,FIRST_LOWER_PARTIAL_MOMENT,l2_0,accelerated,highs,boxed MeanRisk LP; persistent HiGHS simplex,,CLARABEL,4,3,0,1,3,0.0027794689999609545,0.0027794689999609545,nan,0.0027794689999609545,0.0027794689999609545,1,0.002779469,-0.026395975000014005,0.0952674104964209,10.496768987308299,0.016997693386510502,-4.855848010874853e-07,-2.8566871892984735e-05,4.855848010874853e-07,0,0,0,2.575354108247385e-06,highs,True,False,1,1,1,ok,
1,2026-08-28T22:44:22.003471+00:00,afa641357bf765b58968d2fe9666189372aaa3df,cursor/cv-predict-benchmark-suite-0bad,synthetic,120,6,walk-forward,4,MINIMIZE_RISK/CVAR+l2_0,MINIMIZE_RISK,CVAR,l2_0,native,sklearn,,,CLARABEL,,,,,,0.0324564539999983,0.0324564539999983,nan,0.0324564539999983,0.0324564539999983,1,0.032456454,0.0,1.0,1.0,-0.026403798036011786,0.0,0.0,nan,0,0,0,nan,unknown,True,False,1,1,1,ok,
1,2026-08-28T22:44:22.003471+00:00,afa641357bf765b58968d2fe9666189372aaa3df,cursor/cv-predict-benchmark-suite-0bad,synthetic,120,6,walk-forward,4,MINIMIZE_RISK/CVAR+l2_0,MINIMIZE_RISK,CVAR,l2_0,accelerated,highs,boxed MeanRisk LP; persistent HiGHS simplex,,CLARABEL,4,3,0,1,3,0.0026278290000618654,0.0026278290000618654,nan,0.0026278290000618654,0.0026278290000618654,1,0.002627829,-0.029828624999936437,0.08096475973814031,12.351052522532555,-0.02640379815282412,-1.1681233411109382e-10,-4.424073156133638e-09,1.1681233411109382e-10,0,0,0,3.125610584242544e-08,highs,True,False,1,1,1,ok,
1,2026-08-28T22:44:22.003471+00:00,afa641357bf765b58968d2fe9666189372aaa3df,cursor/cv-predict-benchmark-suite-0bad,synthetic,120,6,walk-forward,4,MINIMIZE_RISK/WORST_REALIZATION+l2_0,MINIMIZE_RISK,WORST_REALIZATION,l2_0,native,sklearn,,,CLARABEL,,,,,,0.02607668600001034,0.02607668600001034,nan,0.02607668600001034,0.02607668600001034,1,0.026076686,0.0,1.0,1.0,-0.047975769187845275,0.0,0.0,nan,0,0,0,nan,unknown,True,False,1,1,1,ok,
1,2026-08-28T22:44:22.003471+00:00,afa641357bf765b58968d2fe9666189372aaa3df,cursor/cv-predict-benchmark-suite-0bad,synthetic,120,6,walk-forward,4,MINIMIZE_RISK/WORST_REALIZATION+l2_0,MINIMIZE_RISK,WORST_REALIZATION,l2_0,accelerated,highs,boxed MeanRisk LP; persistent HiGHS simplex,,CLARABEL,4,3,0,1,3,0.0023690220000389672,0.0023690220000389672,nan,0.0023690220000389672,0.0023690220000389672,1,0.002369022,-0.023707663999971373,0.09084827727104694,11.007363375933789,-0.04797573766729725,3.152054802585402e-08,6.570097480342179e-07,3.152054802585402e-08,0,0,0,3.576978592698121e-07,highs,True,False,1,1,1,ok,
1,2026-08-28T22:44:22.003471+00:00,afa641357bf765b58968d2fe9666189372aaa3df,cursor/cv-predict-benchmark-suite-0bad,sp500,252,20,walk-forward,10,MINIMIZE_RISK/VARIANCE,MINIMIZE_RISK,VARIANCE,,native,sklearn,,,CLARABEL,,,,,,0.08902381799998693,0.08902381799998693,nan,0.08902381799998693,0.08902381799998693,1,0.089023818,0.0,1.0,1.0,0.05383814529260171,0.0,0.0,nan,0,0,0,nan,unknown,True,False,1,1,1,ok,
1,2026-08-28T22:44:22.003471+00:00,afa641357bf765b58968d2fe9666189372aaa3df,cursor/cv-predict-benchmark-suite-0bad,sp500,252,20,walk-forward,10,MINIMIZE_RISK/VARIANCE,MINIMIZE_RISK,VARIANCE,,accelerated,osqp,boxed MeanRisk variance; compact OSQP,,CLARABEL,10,9,0,1,9,0.003364152000017384,0.003364152000017384,nan,0.003364152000017384,0.003364152000017384,1,0.003364152,-0.08565966599996955,0.03778934756559057,26.462483859090465,0.053824015729040955,-1.4129563560755232e-05,-0.00026244521396424995,1.4129563560755232e-05,0,0,0,0.00020823188211560595,osqp,True,False,1,1,1,ok,
1,2026-08-28T22:44:22.003471+00:00,afa641357bf765b58968d2fe9666189372aaa3df,cursor/cv-predict-benchmark-suite-0bad,sp500,252,20,walk-forward,10,MINIMIZE_RISK/SEMI_VARIANCE,MINIMIZE_RISK,SEMI_VARIANCE,,native,sklearn,,,CLARABEL,,,,,,0.09069359199997962,0.09069359199997962,nan,0.09069359199997962,0.09069359199997962,1,0.090693592,0.0,1.0,1.0,0.08055922404331932,0.0,0.0,nan,0,0,0,nan,unknown,True,False,1,1,1,ok,
1,2026-08-28T22:44:22.003471+00:00,afa641357bf765b58968d2fe9666189372aaa3df,cursor/cv-predict-benchmark-suite-0bad,sp500,252,20,walk-forward,10,MINIMIZE_RISK/SEMI_VARIANCE,MINIMIZE_RISK,SEMI_VARIANCE,,accelerated,clarabel,boxed MeanRisk scenario risk; compact Clarabel,,CLARABEL,10,9,0,1,9,0.013375580000001719,0.013375580000001719,nan,0.013375580000001719,0.013375580000001719,1,0.01337558,-0.0773180119999779,0.1474809818978691,6.780535273981985,0.08055922404331933,1.3877787807814457e-17,1.722681415147683e-16,1.3877787807814457e-17,0,0,0,8.049116928532385e-16,clarabel,True,False,1,1,1,ok,
1,2026-08-28T22:44:22.003471+00:00,afa641357bf765b58968d2fe9666189372aaa3df,cursor/cv-predict-benchmark-suite-0bad,sp500,252,20,walk-forward,10,MINIMIZE_RISK/STANDARD_DEVIATION,MINIMIZE_RISK,STANDARD_DEVIATION,,native,sklearn,,,CLARABEL,,,,,,0.08566502600001513,0.08566502600001513,nan,0.08566502600001513,0.08566502600001513,1,0.085665026,0.0,1.0,1.0,0.05063066624482605,0.0,0.0,nan,0,0,0,nan,unknown,True,False,1,1,1,ok,
1,2026-08-28T22:44:22.003471+00:00,afa641357bf765b58968d2fe9666189372aaa3df,cursor/cv-predict-benchmark-suite-0bad,sp500,252,20,walk-forward,10,MINIMIZE_RISK/STANDARD_DEVIATION,MINIMIZE_RISK,STANDARD_DEVIATION,,accelerated,cvxpy-sequential,MeanRisk outside the compact subset (risk_measure is not compacted),,CLARABEL,10,9,1,0,0,0.046196601000019655,0.046196601000019655,nan,0.046196601000019655,0.046196601000019655,1,0.046196601,-0.03946842499999548,0.5392702618220356,1.854357769741083,0.05062998736721537,-6.788776106825267e-07,-1.340842736296999e-05,6.788776106825267e-07,0,0,0,4.2943151558394455e-05,cvxpy-sequential,True,False,1,1,1,ok,
1,2026-08-28T22:44:22.003471+00:00,afa641357bf765b58968d2fe9666189372aaa3df,cursor/cv-predict-benchmark-suite-0bad,sp500,252,20,walk-forward,10,MINIMIZE_RISK/SEMI_DEVIATION,MINIMIZE_RISK,SEMI_DEVIATION,,native,sklearn,,,CLARABEL,,,,,,0.10114613600001121,0.10114613600001121,nan,0.10114613600001121,0.10114613600001121,1,0.101146136,0.0,1.0,1.0,0.08163569346571817,0.0,0.0,nan,0,0,0,nan,unknown,True,False,1,1,1,ok,
1,2026-08-28T22:44:22.003471+00:00,afa641357bf765b58968d2fe9666189372aaa3df,cursor/cv-predict-benchmark-suite-0bad,sp500,252,20,walk-forward,10,MINIMIZE_RISK/SEMI_DEVIATION,MINIMIZE_RISK,SEMI_DEVIATION,,accelerated,clarabel,boxed MeanRisk scenario risk; compact Clarabel,,CLARABEL,10,9,0,1,9,0.016558072999941942,0.016558072999941942,nan,0.016558072999941942,0.016558072999941942,1,0.016558073,-0.08458806300006927,0.1637044543148945,6.108569276169145,0.08163569346561828,-9.989231664064846e-14,-1.223635304606029e-12,9.989231664064846e-14,0,0,0,3.442024443245373e-12,clarabel,True,False,1,1,1,ok,
1,2026-08-28T22:44:22.003471+00:00,afa641357bf765b58968d2fe9666189372aaa3df,cursor/cv-predict-benchmark-suite-0bad,sp500,252,20,walk-forward,10,MINIMIZE_RISK/MEAN_ABSOLUTE_DEVIATION,MINIMIZE_RISK,MEAN_ABSOLUTE_DEVIATION,,native,sklearn,,,CLARABEL,,,,,,0.08915898400005062,0.08915898400005062,nan,0.08915898400005062,0.08915898400005062,1,0.089158984,0.0,1.0,1.0,0.0634851357881111,0.0,0.0,nan,0,0,0,nan,unknown,True,False,1,1,1,ok,
1,2026-08-28T22:44:22.003471+00:00,afa641357bf765b58968d2fe9666189372aaa3df,cursor/cv-predict-benchmark-suite-0bad,sp500,252,20,walk-forward,10,MINIMIZE_RISK/MEAN_ABSOLUTE_DEVIATION,MINIMIZE_RISK,MEAN_ABSOLUTE_DEVIATION,,accelerated,clarabel,boxed MeanRisk scenario risk; compact Clarabel,,CLARABEL,10,9,0,1,9,0.012398595000036039,0.012398595000036039,nan,0.012398595000036039,0.012398595000036039,1,0.012398595,-0.07676038900001458,0.13906164520704944,7.191055438119518,0.0634857304256985,5.946375873921994e-07,9.366563999750592e-06,5.946375873921994e-07,0,0,0,1.9792601995693992e-05,clarabel,True,False,1,1,1,ok,
1,2026-08-28T22:44:22.003471+00:00,afa641357bf765b58968d2fe9666189372aaa3df,cursor/cv-predict-benchmark-suite-0bad,sp500,252,20,walk-forward,10,MINIMIZE_RISK/CVAR,MINIMIZE_RISK,CVAR,,native,sklearn,,,CLARABEL,,,,,,0.09447645399995963,0.09447645399995963,nan,0.09447645399995963,0.09447645399995963,1,0.094476454,0.0,1.0,1.0,0.09195581604624696,0.0,0.0,nan,0,0,0,nan,unknown,True,False,1,1,1,ok,
1,2026-08-28T22:44:22.003471+00:00,afa641357bf765b58968d2fe9666189372aaa3df,cursor/cv-predict-benchmark-suite-0bad,sp500,252,20,walk-forward,10,MINIMIZE_RISK/CVAR,MINIMIZE_RISK,CVAR,,accelerated,clarabel,boxed MeanRisk scenario risk; compact Clarabel,,CLARABEL,10,9,0,1,9,0.00982462599995415,0.00982462599995415,nan,0.00982462599995415,0.00982462599995415,1,0.009824626,-0.08465182800000548,0.1039902069139719,9.616290126504616,0.0919558005265425,-1.5519704466004924e-08,-1.68773495068541e-07,1.5519704466004924e-08,0,0,0,6.50003069276781e-07,clarabel,True,False,1,1,1,ok,
1,2026-08-28T22:44:22.003471+00:00,afa641357bf765b58968d2fe9666189372aaa3df,cursor/cv-predict-benchmark-suite-0bad,sp500,252,20,walk-forward,10,MINIMIZE_RISK/EVAR,MINIMIZE_RISK,EVAR,,native,sklearn,,,CLARABEL,,,,,,0.11704972899997301,0.11704972899997301,nan,0.11704972899997301,0.11704972899997301,1,0.117049729,0.0,1.0,1.0,0.07248063869515187,0.0,0.0,nan,0,0,0,nan,unknown,True,False,1,1,1,ok,
1,2026-08-28T22:44:22.003471+00:00,afa641357bf765b58968d2fe9666189372aaa3df,cursor/cv-predict-benchmark-suite-0bad,sp500,252,20,walk-forward,10,MINIMIZE_RISK/EVAR,MINIMIZE_RISK,EVAR,,accelerated,clarabel,boxed MeanRisk scenario risk; compact Clarabel,,CLARABEL,10,9,0,1,9,0.019944132999967223,0.019944132999967223,nan,0.019944132999967223,0.019944132999967223,1,0.019944133,-0.09710559600000579,0.17039025353037615,5.868880286757282,0.07248119636996823,5.576748163677037e-07,7.694121166802104e-06,5.576748163677037e-07,0,0,0,1.5526748829930437e-05,clarabel,True,False,1,1,1,ok,
1,2026-08-28T22:44:22.003471+00:00,afa641357bf765b58968d2fe9666189372aaa3df,cursor/cv-predict-benchmark-suite-0bad,sp500,252,20,walk-forward,10,MINIMIZE_RISK/WORST_REALIZATION,MINIMIZE_RISK,WORST_REALIZATION,,native,sklearn,,,CLARABEL,,,,,,0.08349766300000283,0.08349766300000283,nan,0.08349766300000283,0.08349766300000283,1,0.083497663,0.0,1.0,1.0,0.07578332311626272,0.0,0.0,nan,0,0,0,nan,unknown,True,False,1,1,1,ok,
1,2026-08-28T22:44:22.003471+00:00,afa641357bf765b58968d2fe9666189372aaa3df,cursor/cv-predict-benchmark-suite-0bad,sp500,252,20,walk-forward,10,MINIMIZE_RISK/WORST_REALIZATION,MINIMIZE_RISK,WORST_REALIZATION,,accelerated,clarabel,boxed MeanRisk scenario risk; compact Clarabel,,CLARABEL,10,9,0,1,9,0.011384582000005139,0.011384582000005139,nan,0.011384582000005139,0.011384582000005139,1,0.011384582,-0.07211308099999769,0.1363461154595998,7.334275689697272,0.07578332258298119,-5.332815300462812e-10,-7.036924591287046e-09,5.332815300462812e-10,0,0,0,5.073963098797689e-07,clarabel,True,False,1,1,1,ok,
1,2026-08-28T22:44:22.003471+00:00,afa641357bf765b58968d2fe9666189372aaa3df,cursor/cv-predict-benchmark-suite-0bad,sp500,252,20,walk-forward,10,MINIMIZE_RISK/CDAR,MINIMIZE_RISK,CDAR,,native,sklearn,,,CLARABEL,,,,,,0.1577245009999615,0.1577245009999615,nan,0.1577245009999615,0.1577245009999615,1,0.157724501,0.0,1.0,1.0,0.04706984339669908,0.0,0.0,nan,0,0,0,nan,unknown,True,False,1,1,1,ok,
1,2026-08-28T22:44:22.003471+00:00,afa641357bf765b58968d2fe9666189372aaa3df,cursor/cv-predict-benchmark-suite-0bad,sp500,252,20,walk-forward,10,MINIMIZE_RISK/CDAR,MINIMIZE_RISK,CDAR,,accelerated,clarabel,boxed MeanRisk scenario risk; compact Clarabel,,CLARABEL,10,9,0,1,9,0.01521151900010409,0.01521151900010409,nan,0.01521151900010409,0.01521151900010409,1,0.015211519,-0.1425129819998574,0.09644360200009638,10.368754165766234,0.04706986483021978,2.143352069439164e-08,4.5535568312289583e-07,2.143352069439164e-08,0,0,0,1.824099261638068e-07,clarabel,True,False,1,1,1,ok,
1,2026-08-28T22:44:22.003471+00:00,afa641357bf765b58968d2fe9666189372aaa3df,cursor/cv-predict-benchmark-suite-0bad,sp500,252,20,walk-forward,10,MINIMIZE_RISK/MAX_DRAWDOWN,MINIMIZE_RISK,MAX_DRAWDOWN,,native,sklearn,,,CLARABEL,,,,,,0.09803276400009509,0.09803276400009509,nan,0.09803276400009509,0.09803276400009509,1,0.098032764,0.0,1.0,1.0,0.02761107591304714,0.0,0.0,nan,0,0,0,nan,unknown,True,False,1,1,1,ok,
1,2026-08-28T22:44:22.003471+00:00,afa641357bf765b58968d2fe9666189372aaa3df,cursor/cv-predict-benchmark-suite-0bad,sp500,252,20,walk-forward,10,MINIMIZE_RISK/MAX_DRAWDOWN,MINIMIZE_RISK,MAX_DRAWDOWN,,accelerated,clarabel,boxed MeanRisk scenario risk; compact Clarabel,,CLARABEL,10,9,0,1,9,0.014080847000059293,0.014080847000059293,nan,0.014080847000059293,0.014080847000059293,1,0.014080847,-0.08395191700003579,0.14363409155785545,6.962135445380684,0.027611079908817983,3.995770842674107e-09,1.4471623109717263e-07,3.995770842674107e-09,0,0,0,2.6380086243227296e-07,clarabel,True,False,1,1,1,ok,
1,2026-08-28T22:44:22.003471+00:00,afa641357bf765b58968d2fe9666189372aaa3df,cursor/cv-predict-benchmark-suite-0bad,sp500,252,20,walk-forward,10,MINIMIZE_RISK/AVERAGE_DRAWDOWN,MINIMIZE_RISK,AVERAGE_DRAWDOWN,,native,sklearn,,,CLARABEL,,,,,,0.09871185999998033,0.09871185999998033,nan,0.09871185999998033,0.09871185999998033,1,0.09871186,0.0,1.0,1.0,0.01567972240072841,0.0,0.0,nan,0,0,0,nan,unknown,True,False,1,1,1,ok,
1,2026-08-28T22:44:22.003471+00:00,afa641357bf765b58968d2fe9666189372aaa3df,cursor/cv-predict-benchmark-suite-0bad,sp500,252,20,walk-forward,10,MINIMIZE_RISK/AVERAGE_DRAWDOWN,MINIMIZE_RISK,AVERAGE_DRAWDOWN,,accelerated,clarabel,boxed MeanRisk scenario risk; compact Clarabel,,CLARABEL,10,9,0,1,9,0.013742927999942367,0.013742927999942367,nan,0.013742927999942367,0.013742927999942367,1,0.013742928,-0.08496893200003797,0.13922266280814793,7.182738642041514,0.015679626181141465,-9.621958694389088e-08,-6.136561890880221e-06,9.621958694389088e-08,0,0,0,7.839946833787526e-06,clarabel,True,False,1,1,1,ok,
1,2026-08-28T22:44:22.003471+00:00,afa641357bf765b58968d2fe9666189372aaa3df,cursor/cv-predict-benchmark-suite-0bad,sp500,252,20,walk-forward,10,MINIMIZE_RISK/EDAR,MINIMIZE_RISK,EDAR,,native,sklearn,,,CLARABEL,,,,,,0.1410247779999736,0.1410247779999736,nan,0.1410247779999736,0.1410247779999736,1,0.141024778,0.0,1.0,1.0,0.026991363171175693,0.0,0.0,nan,0,0,0,nan,unknown,True,False,1,1,1,ok,
1,2026-08-28T22:44:22.003471+00:00,afa641357bf765b58968d2fe9666189372aaa3df,cursor/cv-predict-benchmark-suite-0bad,sp500,252,20,walk-forward,10,MINIMIZE_RISK/EDAR,MINIMIZE_RISK,EDAR,,accelerated,clarabel,boxed MeanRisk scenario risk; compact Clarabel,,CLARABEL,10,9,0,1,9,0.0269643219999125,0.0269643219999125,nan,0.0269643219999125,0.0269643219999125,1,0.026964322,-0.1140604560000611,0.19120272609057076,5.230050954013649,0.026991346745603738,-1.6425571954664653e-08,-6.085491811027041e-07,1.6425571954664653e-08,0,0,0,7.244990352095471e-07,clarabel,True,False,1,1,1,ok,
1,2026-08-28T22:44:22.003471+00:00,afa641357bf765b58968d2fe9666189372aaa3df,cursor/cv-predict-benchmark-suite-0bad,sp500,252,20,walk-forward,10,MINIMIZE_RISK/FIRST_LOWER_PARTIAL_MOMENT,MINIMIZE_RISK,FIRST_LOWER_PARTIAL_MOMENT,,native,sklearn,,,CLARABEL,,,,,,0.09388544900002671,0.09388544900002671,nan,0.09388544900002671,0.09388544900002671,1,0.093885449,0.0,1.0,1.0,0.06742218220454646,0.0,0.0,nan,0,0,0,nan,unknown,True,False,1,1,1,ok,
1,2026-08-28T22:44:22.003471+00:00,afa641357bf765b58968d2fe9666189372aaa3df,cursor/cv-predict-benchmark-suite-0bad,sp500,252,20,walk-forward,10,MINIMIZE_RISK/FIRST_LOWER_PARTIAL_MOMENT,MINIMIZE_RISK,FIRST_LOWER_PARTIAL_MOMENT,,accelerated,clarabel,boxed MeanRisk scenario risk; compact Clarabel,,CLARABEL,10,9,0,1,9,0.011648459999946681,0.011648459999946681,nan,0.011648459999946681,0.011648459999946681,1,0.01164846,-0.08223698900008003,0.12407098356576392,8.059902253212567,0.06742351187430175,1.329669755287255e-06,1.9721547298087777e-05,1.329669755287255e-06,0,0,0,4.390203153292749e-05,clarabel,True,False,1,1,1,ok,
1,2026-08-28T22:44:22.003471+00:00,afa641357bf765b58968d2fe9666189372aaa3df,cursor/cv-predict-benchmark-suite-0bad,sp500,252,20,walk-forward,10,MINIMIZE_RISK/ULCER_INDEX,MINIMIZE_RISK,ULCER_INDEX,,native,sklearn,,,CLARABEL,,,,,,0.1125874389999808,0.1125874389999808,nan,0.1125874389999808,0.1125874389999808,1,0.112587439,0.0,1.0,1.0,0.029910458163045637,0.0,0.0,nan,0,0,0,nan,unknown,True,False,1,1,1,ok,
1,2026-08-28T22:44:22.003471+00:00,afa641357bf765b58968d2fe9666189372aaa3df,cursor/cv-predict-benchmark-suite-0bad,sp500,252,20,walk-forward,10,MINIMIZE_RISK/ULCER_INDEX,MINIMIZE_RISK,ULCER_INDEX,,accelerated,cvxpy-sequential,MeanRisk outside the compact subset (risk_measure is not compacted),,CLARABEL,10,9,1,0,0,0.0589129549999825,0.0589129549999825,nan,0.0589129549999825,0.0589129549999825,1,0.058912955,-0.0536744839999983,0.5232640117161964,1.9110811705169812,0.02991045816290684,-1.3879522531290434e-13,-4.6403577155627054e-12,1.3879522531290434e-13,0,0,0,2.0217383323029026e-11,cvxpy-sequential,True,False,1,1,1,ok,
1,2026-08-28T22:44:22.003471+00:00,afa641357bf765b58968d2fe9666189372aaa3df,cursor/cv-predict-benchmark-suite-0bad,sp500,252,20,walk-forward,10,MAXIMIZE_RETURN/VARIANCE,MAXIMIZE_RETURN,VARIANCE,,native,sklearn,,,CLARABEL,,,,,,0.09169265599996379,0.09169265599996379,nan,0.09169265599996379,0.09169265599996379,1,0.091692656,0.0,1.0,1.0,0.034038243489524375,0.0,0.0,nan,0,0,0,nan,unknown,True,False,1,1,1,ok,
1,2026-08-28T22:44:22.003471+00:00,afa641357bf765b58968d2fe9666189372aaa3df,cursor/cv-predict-benchmark-suite-0bad,sp500,252,20,walk-forward,10,MAXIMIZE_RETURN/VARIANCE,MAXIMIZE_RETURN,VARIANCE,,accelerated,cvxpy-sequential,MeanRisk outside the compact subset (objective_function is not compacted),,CLARABEL,10,9,1,0,0,0.04410357099993689,0.04410357099993689,nan,0.04410357099993689,0.04410357099993689,1,0.044103571,-0.0475890850000269,0.4809934941785775,2.0790301991667524,0.03403824604363462,2.5541102427473206e-09,7.503648781210977e-08,2.5541102427473206e-09,0,0,0,4.3599317811615634e-07,cvxpy-sequential,True,False,1,1,1,ok,
1,2026-08-28T22:44:22.003471+00:00,afa641357bf765b58968d2fe9666189372aaa3df,cursor/cv-predict-benchmark-suite-0bad,sp500,252,20,walk-forward,10,MAXIMIZE_RETURN/SEMI_VARIANCE,MAXIMIZE_RETURN,SEMI_VARIANCE,,native,sklearn,,,CLARABEL,,,,,,0.09192933400004222,0.09192933400004222,nan,0.09192933400004222,0.09192933400004222,1,0.091929334,0.0,1.0,1.0,0.034038266831615295,0.0,0.0,nan,0,0,0,nan,unknown,True,False,1,1,1,ok,
1,2026-08-28T22:44:22.003471+00:00,afa641357bf765b58968d2fe9666189372aaa3df,cursor/cv-predict-benchmark-suite-0bad,sp500,252,20,walk-forward,10,MAXIMIZE_RETURN/SEMI_VARIANCE,MAXIMIZE_RETURN,SEMI_VARIANCE,,accelerated,cvxpy-sequential,MeanRisk outside the compact subset (objective_function is not compacted),,CLARABEL,10,9,1,0,0,0.04912374099990302,0.04912374099990302,nan,0.04912374099990302,0.04912374099990302,1,0.049123741,-0.0428055930001392,0.5343641562755198,1.8713830039984882,0.03403824429988398,-2.253173131405717e-08,-6.619529550526154e-07,2.253173131405717e-08,0,0,0,1.5306992973140865e-06,cvxpy-sequential,True,False,1,1,1,ok,
1,2026-08-28T22:44:22.003471+00:00,afa641357bf765b58968d2fe9666189372aaa3df,cursor/cv-predict-benchmark-suite-0bad,sp500,252,20,walk-forward,10,MAXIMIZE_RETURN/STANDARD_DEVIATION,MAXIMIZE_RETURN,STANDARD_DEVIATION,,native,sklearn,,,CLARABEL,,,,,,0.09126337499992587,0.09126337499992587,nan,0.09126337499992587,0.09126337499992587,1,0.091263375,0.0,1.0,1.0,0.034038243489524375,0.0,0.0,nan,0,0,0,nan,unknown,True,False,1,1,1,ok,
1,2026-08-28T22:44:22.003471+00:00,afa641357bf765b58968d2fe9666189372aaa3df,cursor/cv-predict-benchmark-suite-0bad,sp500,252,20,walk-forward,10,MAXIMIZE_RETURN/STANDARD_DEVIATION,MAXIMIZE_RETURN,STANDARD_DEVIATION,,accelerated,cvxpy-sequential,MeanRisk outside the compact subset (objective_function is not compacted),,CLARABEL,10,9,1,0,0,0.04391786000007869,0.04391786000007869,nan,0.04391786000007869,0.04391786000007869,1,0.04391786,-0.04734551499984718,0.48122108129481694,2.078046949458884,0.03403824604363462,2.5541102427473206e-09,7.503648781210977e-08,2.5541102427473206e-09,0,0,0,4.3599317811615634e-07,cvxpy-sequential,True,False,1,1,1,ok,
1,2026-08-28T22:44:22.003471+00:00,afa641357bf765b58968d2fe9666189372aaa3df,cursor/cv-predict-benchmark-suite-0bad,sp500,252,20,walk-forward,10,MAXIMIZE_RETURN/SEMI_DEVIATION,MAXIMIZE_RETURN,SEMI_DEVIATION,,native,sklearn,,,CLARABEL,,,,,,0.09090667300006317,0.09090667300006317,nan,0.09090667300006317,0.09090667300006317,1,0.090906673,0.0,1.0,1.0,0.034038266831615295,0.0,0.0,nan,0,0,0,nan,unknown,True,False,1,1,1,ok,
1,2026-08-28T22:44:22.003471+00:00,afa641357bf765b58968d2fe9666189372aaa3df,cursor/cv-predict-benchmark-suite-0bad,sp500,252,20,walk-forward,10,MAXIMIZE_RETURN/SEMI_DEVIATION,MAXIMIZE_RETURN,SEMI_DEVIATION,,accelerated,cvxpy-sequential,MeanRisk outside the compact subset (objective_function is not compacted),,CLARABEL,10,9,1,0,0,0.049709007999922505,0.049709007999922505,nan,0.049709007999922505,0.049709007999922505,1,0.049709008,-0.04119766500014066,0.5468136316009273,1.8287766474882154,0.03403824429988398,-2.253173131405717e-08,-6.619529550526154e-07,2.253173131405717e-08,0,0,0,1.5306992973140865e-06,cvxpy-sequential,True,False,1,1,1,ok,
1,2026-08-28T22:44:22.003471+00:00,afa641357bf765b58968d2fe9666189372aaa3df,cursor/cv-predict-benchmark-suite-0bad,sp500,252,20,walk-forward,10,MAXIMIZE_RETURN/MEAN_ABSOLUTE_DEVIATION,MAXIMIZE_RETURN,MEAN_ABSOLUTE_DEVIATION,,native,sklearn,,,CLARABEL,,,,,,0.09176121200005127,0.09176121200005127,nan,0.09176121200005127,0.09176121200005127,1,0.091761212,0.0,1.0,1.0,0.034038254804710205,0.0,0.0,nan,0,0,0,nan,unknown,True,False,1,1,1,ok,
1,2026-08-28T22:44:22.003471+00:00,afa641357bf765b58968d2fe9666189372aaa3df,cursor/cv-predict-benchmark-suite-0bad,sp500,252,20,walk-forward,10,MAXIMIZE_RETURN/MEAN_ABSOLUTE_DEVIATION,MAXIMIZE_RETURN,MEAN_ABSOLUTE_DEVIATION,,accelerated,cvxpy-sequential,MeanRisk outside the compact subset (objective_function is not compacted),,CLARABEL,10,9,1,0,0,0.05577811200009819,0.05577811200009819,nan,0.05577811200009819,0.05577811200009819,1,0.055778112,-0.03598309999995308,0.607861543939361,1.6451114731149332,0.03403825489432273,8.96125257332514e-11,2.6327003616193286e-09,8.96125257332514e-11,0,0,0,1.1415116740742803e-08,cvxpy-sequential,True,False,1,1,1,ok,
1,2026-08-28T22:44:22.003471+00:00,afa641357bf765b58968d2fe9666189372aaa3df,cursor/cv-predict-benchmark-suite-0bad,sp500,252,20,walk-forward,10,MAXIMIZE_RETURN/CVAR,MAXIMIZE_RETURN,CVAR,,native,sklearn,,,CLARABEL,,,,,,0.1014140119999638,0.1014140119999638,nan,0.1014140119999638,0.1014140119999638,1,0.101414012,0.0,1.0,1.0,0.03403825478929918,0.0,0.0,nan,0,0,0,nan,unknown,True,False,1,1,1,ok,
1,2026-08-28T22:44:22.003471+00:00,afa641357bf765b58968d2fe9666189372aaa3df,cursor/cv-predict-benchmark-suite-0bad,sp500,252,20,walk-forward,10,MAXIMIZE_RETURN/CVAR,MAXIMIZE_RETURN,CVAR,,accelerated,cvxpy-sequential,MeanRisk outside the compact subset (objective_function is not compacted),,CLARABEL,10,9,1,0,0,0.05036792199996398,0.05036792199996398,nan,0.05036792199996398,0.05036792199996398,1,0.050367922,-0.05104608999999982,0.4966564383625998,2.013464283875684,0.03403825487897849,8.967931258707651e-11,2.634662474389538e-09,8.967931258707651e-11,0,0,0,1.1414737155490684e-08,cvxpy-sequential,True,False,1,1,1,ok,
1,2026-08-28T22:44:22.003471+00:00,afa641357bf765b58968d2fe9666189372aaa3df,cursor/cv-predict-benchmark-suite-0bad,sp500,252,20,walk-forward,10,MAXIMIZE_RETURN/EVAR,MAXIMIZE_RETURN,EVAR,,native,sklearn,,,CLARABEL,,,,,,0.10987683899998046,0.10987683899998046,nan,0.10987683899998046,0.10987683899998046,1,0.109876839,0.0,1.0,1.0,0.03403827388077034,0.0,0.0,nan,0,0,0,nan,unknown,True,False,1,1,1,ok,
1,2026-08-28T22:44:22.003471+00:00,afa641357bf765b58968d2fe9666189372aaa3df,cursor/cv-predict-benchmark-suite-0bad,sp500,252,20,walk-forward,10,MAXIMIZE_RETURN/EVAR,MAXIMIZE_RETURN,EVAR,,accelerated,cvxpy-sequential,MeanRisk outside the compact subset (objective_function is not compacted),,CLARABEL,10,9,1,0,0,0.05398137899999256,0.05398137899999256,nan,0.05398137899999256,0.05398137899999256,1,0.053981379,-0.055895459999987906,0.49128987957145503,2.0354581716038713,0.03403824924194083,-2.4638829511369753e-08,-7.238566091122872e-07,2.4638829511369753e-08,0,0,0,2.4335658362906187e-06,cvxpy-sequential,True,False,1,1,1,ok,
1,2026-08-28T22:44:22.003471+00:00,afa641357bf765b58968d2fe9666189372aaa3df,cursor/cv-predict-benchmark-suite-0bad,sp500,252,20,walk-forward,10,MAXIMIZE_RETURN/WORST_REALIZATION,MAXIMIZE_RETURN,WORST_REALIZATION,,native,sklearn,,,CLARABEL,,,,,,0.08508801699997548,0.08508801699997548,nan,0.08508801699997548,0.08508801699997548,1,0.085088017,0.0,1.0,1.0,0.03403831492252259,0.0,0.0,nan,0,0,0,nan,unknown,True,False,1,1,1,ok,
1,2026-08-28T22:44:22.003471+00:00,afa641357bf765b58968d2fe9666189372aaa3df,cursor/cv-predict-benchmark-suite-0bad,sp500,252,20,walk-forward,10,MAXIMIZE_RETURN/WORST_REALIZATION,MAXIMIZE_RETURN,WORST_REALIZATION,,accelerated,cvxpy-sequential,MeanRisk outside the compact subset (objective_function is not compacted),,CLARABEL,10,9,1,0,0,0.04755284500004109,0.04755284500004109,nan,0.04755284500004109,0.04755284500004109,1,0.047552845,-0.03753517199993439,0.5588665322880282,1.789335990305143,0.03403831502775421,1.0523161508846357e-10,3.0915635902655553e-09,1.0523161508846357e-10,0,0,0,1.1567726443395543e-08,cvxpy-sequential,True,False,1,1,1,ok,
1,2026-08-28T22:44:22.003471+00:00,afa641357bf765b58968d2fe9666189372aaa3df,cursor/cv-predict-benchmark-suite-0bad,sp500,252,20,walk-forward,10,MAXIMIZE_RETURN/CDAR,MAXIMIZE_RETURN,CDAR,,native,sklearn,,,CLARABEL,,,,,,0.11386987699995643,0.11386987699995643,nan,0.11386987699995643,0.11386987699995643,1,0.113869877,0.0,1.0,1.0,0.034038307846105065,0.0,0.0,nan,0,0,0,nan,unknown,True,False,1,1,1,ok,
1,2026-08-28T22:44:22.003471+00:00,afa641357bf765b58968d2fe9666189372aaa3df,cursor/cv-predict-benchmark-suite-0bad,sp500,252,20,walk-forward,10,MAXIMIZE_RETURN/CDAR,MAXIMIZE_RETURN,CDAR,,accelerated,cvxpy-sequential,MeanRisk outside the compact subset (objective_function is not compacted),,CLARABEL,10,9,1,0,0,0.05373436999991554,0.05373436999991554,nan,0.05373436999991554,0.05373436999991554,1,0.05373437,-0.06013550700004089,0.4718927552713182,2.1191255615379023,0.03403830785546506,9.359991948176827e-12,2.749840559200381e-10,9.359991948176827e-12,0,0,0,5.975541950142826e-09,cvxpy-sequential,True,False,1,1,1,ok,
1,2026-08-28T22:44:22.003471+00:00,afa641357bf765b58968d2fe9666189372aaa3df,cursor/cv-predict-benchmark-suite-0bad,sp500,252,20,walk-forward,10,MAXIMIZE_RETURN/MAX_DRAWDOWN,MAXIMIZE_RETURN,MAX_DRAWDOWN,,native,sklearn,,,CLARABEL,,,,,,0.10130014600008508,0.10130014600008508,nan,0.10130014600008508,0.10130014600008508,1,0.101300146,0.0,1.0,1.0,0.03403827989486788,0.0,0.0,nan,0,0,0,nan,unknown,True,False,1,1,1,ok,
1,2026-08-28T22:44:22.003471+00:00,afa641357bf765b58968d2fe9666189372aaa3df,cursor/cv-predict-benchmark-suite-0bad,sp500,252,20,walk-forward,10,MAXIMIZE_RETURN/MAX_DRAWDOWN,MAXIMIZE_RETURN,MAX_DRAWDOWN,,accelerated,cvxpy-sequential,MeanRisk outside the compact subset (objective_function is not compacted),,CLARABEL,10,9,1,0,0,0.05245987000000696,0.05245987000000696,nan,0.05245987000000696,0.05245987000000696,1,0.05245987,-0.04884027600007812,0.5178656899464182,1.931002612093237,0.034038279985981926,9.11140468629057e-11,2.6768111415830803e-09,9.11140468629057e-11,0,0,0,1.1744255012935412e-08,cvxpy-sequential,True,False,1,1,1,ok,
1,2026-08-28T22:44:22.003471+00:00,afa641357bf765b58968d2fe9666189372aaa3df,cursor/cv-predict-benchmark-suite-0bad,sp500,252,20,walk-forward,10,MAXIMIZE_RETURN/AVERAGE_DRAWDOWN,MAXIMIZE_RETURN,AVERAGE_DRAWDOWN,,native,sklearn,,,CLARABEL,,,,,,0.09553631599999335,0.09553631599999335,nan,0.09553631599999335,0.09553631599999335,1,0.095536316,0.0,1.0,1.0,0.03403824336300135,0.0,0.0,nan,0,0,0,nan,unknown,True,False,1,1,1,ok,
1,2026-08-28T22:44:22.003471+00:00,afa641357bf765b58968d2fe9666189372aaa3df,cursor/cv-predict-benchmark-suite-0bad,sp500,252,20,walk-forward,10,MAXIMIZE_RETURN/AVERAGE_DRAWDOWN,MAXIMIZE_RETURN,AVERAGE_DRAWDOWN,,accelerated,cvxpy-sequential,MeanRisk outside the compact subset (objective_function is not compacted),,CLARABEL,10,9,1,0,0,0.05190079400006198,0.05190079400006198,nan,0.05190079400006198,0.05190079400006198,1,0.051900794,-0.04363552199993137,0.5432572258706898,1.8407486405676041,0.03403824349866681,1.356654649731226e-10,3.985677625202813e-09,1.356654649731226e-10,0,0,0,2.1315156861767548e-08,cvxpy-sequential,True,False,1,1,1,ok,
1,2026-08-28T22:44:22.003471+00:00,afa641357bf765b58968d2fe9666189372aaa3df,cursor/cv-predict-benchmark-suite-0bad,sp500,252,20,walk-forward,10,MAXIMIZE_RETURN/EDAR,MAXIMIZE_RETURN,EDAR,,native,sklearn,,,CLARABEL,,,,,,0.1292756579999832,0.1292756579999832,nan,0.1292756579999832,0.1292756579999832,1,0.129275658,0.0,1.0,1.0,0.03403824616069448,0.0,0.0,nan,0,0,0,nan,unknown,True,False,1,1,1,ok,
1,2026-08-28T22:44:22.003471+00:00,afa641357bf765b58968d2fe9666189372aaa3df,cursor/cv-predict-benchmark-suite-0bad,sp500,252,20,walk-forward,10,MAXIMIZE_RETURN/EDAR,MAXIMIZE_RETURN,EDAR,,accelerated,cvxpy-sequential,MeanRisk outside the compact subset (objective_function is not compacted),,CLARABEL,10,9,1,0,0,0.05775980700002492,0.05775980700002492,nan,0.05775980700002492,0.05775980700002492,1,0.057759807,-0.07151585099995827,0.4467956914211369,2.2381594522974675,0.03403824418415033,-1.976544150572579e-09,-5.806833117197986e-08,1.976544150572579e-09,0,0,0,1.9530530004363555e-07,cvxpy-sequential,True,False,1,1,1,ok,
1,2026-08-28T22:44:22.003471+00:00,afa641357bf765b58968d2fe9666189372aaa3df,cursor/cv-predict-benchmark-suite-0bad,sp500,252,20,walk-forward,10,MAXIMIZE_RETURN/FIRST_LOWER_PARTIAL_MOMENT,MAXIMIZE_RETURN,FIRST_LOWER_PARTIAL_MOMENT,,native,sklearn,,,CLARABEL,,,,,,0.09278094000001147,0.09278094000001147,nan,0.09278094000001147,0.09278094000001147,1,0.09278094,0.0,1.0,1.0,0.034038254804710205,0.0,0.0,nan,0,0,0,nan,unknown,True,False,1,1,1,ok,
1,2026-08-28T22:44:22.003471+00:00,afa641357bf765b58968d2fe9666189372aaa3df,cursor/cv-predict-benchmark-suite-0bad,sp500,252,20,walk-forward,10,MAXIMIZE_RETURN/FIRST_LOWER_PARTIAL_MOMENT,MAXIMIZE_RETURN,FIRST_LOWER_PARTIAL_MOMENT,,accelerated,cvxpy-sequential,MeanRisk outside the compact subset (objective_function is not compacted),,CLARABEL,10,9,1,0,0,0.049787010000045484,0.049787010000045484,nan,0.049787010000045484,0.049787010000045484,1,0.04978701,-0.042993929999965985,0.5366081654275041,1.8635571808776368,0.03403825489432273,8.96125257332514e-11,2.6327003616193286e-09,8.96125257332514e-11,0,0,0,1.1415116740742803e-08,cvxpy-sequential,True,False,1,1,1,ok,
1,2026-08-28T22:44:22.003471+00:00,afa641357bf765b58968d2fe9666189372aaa3df,cursor/cv-predict-benchmark-suite-0bad,sp500,252,20,walk-forward,10,MAXIMIZE_RETURN/ULCER_INDEX,MAXIMIZE_RETURN,ULCER_INDEX,,native,sklearn,,,CLARABEL,,,,,,0.09540757500008112,0.09540757500008112,nan,0.09540757500008112,0.09540757500008112,1,0.095407575,0.0,1.0,1.0,0.03403824336300135,0.0,0.0,nan,0,0,0,nan,unknown,True,False,1,1,1,ok,
1,2026-08-28T22:44:22.003471+00:00,afa641357bf765b58968d2fe9666189372aaa3df,cursor/cv-predict-benchmark-suite-0bad,sp500,252,20,walk-forward,10,MAXIMIZE_RETURN/ULCER_INDEX,MAXIMIZE_RETURN,ULCER_INDEX,,accelerated,cvxpy-sequential,MeanRisk outside the compact subset (objective_function is not compacted),,CLARABEL,10,9,1,0,0,0.04987351599993417,0.04987351599993417,nan,0.04987351599993417,0.04987351599993417,1,0.049873516,-0.045534059000146954,0.5227416795772428,1.912990754455873,0.03403824349866681,1.356654649731226e-10,3.985677625202813e-09,1.356654649731226e-10,0,0,0,2.1315156861767548e-08,cvxpy-sequential,True,False,1,1,1,ok,
1,2026-08-28T22:44:22.003471+00:00,afa641357bf765b58968d2fe9666189372aaa3df,cursor/cv-predict-benchmark-suite-0bad,sp500,252,20,walk-forward,10,MAXIMIZE_UTILITY/VARIANCE,MAXIMIZE_UTILITY,VARIANCE,,native,sklearn,,,CLARABEL,,,,,,0.09532676599997103,0.09532676599997103,nan,0.09532676599997103,0.09532676599997103,1,0.095326766,0.0,1.0,1.0,0.03599414399725274,0.0,0.0,nan,0,0,0,nan,unknown,True,False,1,1,1,ok,
1,2026-08-28T22:44:22.003471+00:00,afa641357bf765b58968d2fe9666189372aaa3df,cursor/cv-predict-benchmark-suite-0bad,sp500,252,20,walk-forward,10,MAXIMIZE_UTILITY/VARIANCE,MAXIMIZE_UTILITY,VARIANCE,,accelerated,osqp,boxed MeanRisk variance; compact OSQP,,CLARABEL,10,9,0,1,9,0.003539221999972142,0.003539221999972142,nan,0.003539221999972142,0.003539221999972142,1,0.003539222,-0.09178754399999889,0.03712726392053642,26.934384449667572,0.03600071028007645,6.5662828237153525e-06,0.0001824264198147489,6.5662828237153525e-06,0,0,0,0.00032832042690278396,osqp,True,False,1,1,1,ok,
1,2026-08-28T22:44:22.003471+00:00,afa641357bf765b58968d2fe9666189372aaa3df,cursor/cv-predict-benchmark-suite-0bad,sp500,252,20,walk-forward,10,MAXIMIZE_UTILITY/SEMI_VARIANCE,MAXIMIZE_UTILITY,SEMI_VARIANCE,,native,sklearn,,,CLARABEL,,,,,,0.16174402299998292,0.16174402299998292,nan,0.16174402299998292,0.16174402299998292,1,0.161744023,0.0,1.0,1.0,0.039894020673847244,0.0,0.0,nan,0,0,0,nan,unknown,True,False,1,1,1,ok,
1,2026-08-28T22:44:22.003471+00:00,afa641357bf765b58968d2fe9666189372aaa3df,cursor/cv-predict-benchmark-suite-0bad,sp500,252,20,walk-forward,10,MAXIMIZE_UTILITY/SEMI_VARIANCE,MAXIMIZE_UTILITY,SEMI_VARIANCE,,accelerated,clarabel,boxed MeanRisk scenario risk; compact Clarabel,,CLARABEL,10,9,0,1,9,0.013179310000055011,0.013179310000055011,nan,0.013179310000055011,0.013179310000055011,1,0.01317931,-0.1485647129999279,0.08148251635892848,12.272571401636943,0.03989402188908043,1.215233184914677e-09,3.046153695186031e-08,1.215233184914677e-09,0,0,0,1.1612504235980481e-07,clarabel,True,False,1,1,1,ok,
1,2026-08-28T22:44:22.003471+00:00,afa641357bf765b58968d2fe9666189372aaa3df,cursor/cv-predict-benchmark-suite-0bad,sp500,252,20,walk-forward,10,MAXIMIZE_UTILITY/STANDARD_DEVIATION,MAXIMIZE_UTILITY,STANDARD_DEVIATION,,native,sklearn,,,CLARABEL,,,,,,0.09314655399998628,0.09314655399998628,nan,0.09314655399998628,0.09314655399998628,1,0.093146554,0.0,1.0,1.0,0.05034722923069726,0.0,0.0,nan,0,0,0,nan,unknown,True,False,1,1,1,ok,
1,2026-08-28T22:44:22.003471+00:00,afa641357bf765b58968d2fe9666189372aaa3df,cursor/cv-predict-benchmark-suite-0bad,sp500,252,20,walk-forward,10,MAXIMIZE_UTILITY/STANDARD_DEVIATION,MAXIMIZE_UTILITY,STANDARD_DEVIATION,,accelerated,cvxpy-sequential,MeanRisk outside the compact subset (risk_measure is not compacted),,CLARABEL,10,9,1,0,0,0.04560357799994108,0.04560357799994108,nan,0.04560357799994108,0.04560357799994108,1,0.045603578,-0.0475429760000452,0.48958953435838104,2.0425273209945636,0.05034563702337351,-1.5922073237500944e-06,-3.1624527269502806e-05,1.5922073237500944e-06,0,0,0,2.5094283919724347e-05,cvxpy-sequential,True,False,1,1,1,ok,
1,2026-08-28T22:44:22.003471+00:00,afa641357bf765b58968d2fe9666189372aaa3df,cursor/cv-predict-benchmark-suite-0bad,sp500,252,20,walk-forward,10,MAXIMIZE_UTILITY/SEMI_DEVIATION,MAXIMIZE_UTILITY,SEMI_DEVIATION,,native,sklearn,,,CLARABEL,,,,,,0.1070423280000341,0.1070423280000341,nan,0.1070423280000341,0.1070423280000341,1,0.107042328,0.0,1.0,1.0,0.07233022328835424,0.0,0.0,nan,0,0,0,nan,unknown,True,False,1,1,1,ok,
1,2026-08-28T22:44:22.003471+00:00,afa641357bf765b58968d2fe9666189372aaa3df,cursor/cv-predict-benchmark-suite-0bad,sp500,252,20,walk-forward,10,MAXIMIZE_UTILITY/SEMI_DEVIATION,MAXIMIZE_UTILITY,SEMI_DEVIATION,,accelerated,clarabel,boxed MeanRisk scenario risk; compact Clarabel,,CLARABEL,10,9,0,1,9,0.016867823999973552,0.016867823999973552,nan,0.016867823999973552,0.016867823999973552,1,0.016867824,-0.09017450400006055,0.15758087772500778,6.3459476456596855,0.07233022328837924,2.4993895841873837e-14,3.455525879165654e-13,2.4993895841873837e-14,0,0,0,1.868838417351526e-12,clarabel,True,False,1,1,1,ok,
1,2026-08-28T22:44:22.003471+00:00,afa641357bf765b58968d2fe9666189372aaa3df,cursor/cv-predict-benchmark-suite-0bad,sp500,252,20,walk-forward,10,MAXIMIZE_UTILITY/MEAN_ABSOLUTE_DEVIATION,MAXIMIZE_UTILITY,MEAN_ABSOLUTE_DEVIATION,,native,sklearn,,,CLARABEL,,,,,,0.09623155600002065,0.09623155600002065,nan,0.09623155600002065,0.09623155600002065,1,0.096231556,0.0,1.0,1.0,0.07186772629697857,0.0,0.0,nan,0,0,0,nan,unknown,True,False,1,1,1,ok,
1,2026-08-28T22:44:22.003471+00:00,afa641357bf765b58968d2fe9666189372aaa3df,cursor/cv-predict-benchmark-suite-0bad,sp500,252,20,walk-forward,10,MAXIMIZE_UTILITY/MEAN_ABSOLUTE_DEVIATION,MAXIMIZE_UTILITY,MEAN_ABSOLUTE_DEVIATION,,accelerated,clarabel,boxed MeanRisk scenario risk; compact Clarabel,,CLARABEL,10,9,0,1,9,0.011399019999998927,0.011399019999998927,nan,0.011399019999998927,0.011399019999998927,1,0.01139902,-0.08483253600002172,0.11845407550093529,8.442090284956926,0.07186784802881442,1.2173183584762715e-07,1.6938317395014755e-06,1.2173183584762715e-07,0,0,0,3.357363524414403e-06,clarabel,True,False,1,1,1,ok,
1,2026-08-28T22:44:22.003471+00:00,afa641357bf765b58968d2fe9666189372aaa3df,cursor/cv-predict-benchmark-suite-0bad,sp500,252,20,walk-forward,10,MAXIMIZE_UTILITY/CVAR,MAXIMIZE_UTILITY,CVAR,,native,sklearn,,,CLARABEL,,,,,,0.10368886100002328,0.10368886100002328,nan,0.10368886100002328,0.10368886100002328,1,0.103688861,0.0,1.0,1.0,0.0666653136256067,0.0,0.0,nan,0,0,0,nan,unknown,True,False,1,1,1,ok,
1,2026-08-28T22:44:22.003471+00:00,afa641357bf765b58968d2fe9666189372aaa3df,cursor/cv-predict-benchmark-suite-0bad,sp500,252,20,walk-forward,10,MAXIMIZE_UTILITY/CVAR,MAXIMIZE_UTILITY,CVAR,,accelerated,clarabel,boxed MeanRisk scenario risk; compact Clarabel,,CLARABEL,10,9,0,1,9,0.010045052999998916,0.010045052999998916,nan,0.010045052999998916,0.010045052999998916,1,0.010045053,-0.09364380800002436,0.09687687667816758,10.322380678333351,0.0666653095150936,-4.110513096566848e-09,-6.165894785482515e-08,4.110513096566848e-09,0,0,0,7.460349296661839e-08,clarabel,True,False,1,1,1,ok,
1,2026-08-28T22:44:22.003471+00:00,afa641357bf765b58968d2fe9666189372aaa3df,cursor/cv-predict-benchmark-suite-0bad,sp500,252,20,walk-forward,10,MAXIMIZE_UTILITY/EVAR,MAXIMIZE_UTILITY,EVAR,,native,sklearn,,,CLARABEL,,,,,,0.12108958199996778,0.12108958199996778,nan,0.12108958199996778,0.12108958199996778,1,0.121089582,0.0,1.0,1.0,0.06954222259759595,0.0,0.0,nan,0,0,0,nan,unknown,True,False,1,1,1,ok,
1,2026-08-28T22:44:22.003471+00:00,afa641357bf765b58968d2fe9666189372aaa3df,cursor/cv-predict-benchmark-suite-0bad,sp500,252,20,walk-forward,10,MAXIMIZE_UTILITY/EVAR,MAXIMIZE_UTILITY,EVAR,,accelerated,clarabel,boxed MeanRisk scenario risk; compact Clarabel,,CLARABEL,10,9,0,1,9,0.019896617999961563,0.019896617999961563,nan,0.019896617999961563,0.019896617999961563,1,0.019896618,-0.10119296400000621,0.16431321069360746,6.085937921721254,0.06954223355663498,1.0959039037361507e-08,1.5758827699217592e-07,1.0959039037361507e-08,0,0,0,1.2202392219107239e-05,clarabel,True,False,1,1,1,ok,
1,2026-08-28T22:44:22.003471+00:00,afa641357bf765b58968d2fe9666189372aaa3df,cursor/cv-predict-benchmark-suite-0bad,sp500,252,20,walk-forward,10,MAXIMIZE_UTILITY/WORST_REALIZATION,MAXIMIZE_UTILITY,WORST_REALIZATION,,native,sklearn,,,CLARABEL,,,,,,0.08767821499998263,0.08767821499998263,nan,0.08767821499998263,0.08767821499998263,1,0.087678215,0.0,1.0,1.0,0.06991013363848805,0.0,0.0,nan,0,0,0,nan,unknown,True,False,1,1,1,ok,
1,2026-08-28T22:44:22.003471+00:00,afa641357bf765b58968d2fe9666189372aaa3df,cursor/cv-predict-benchmark-suite-0bad,sp500,252,20,walk-forward,10,MAXIMIZE_UTILITY/WORST_REALIZATION,MAXIMIZE_UTILITY,WORST_REALIZATION,,accelerated,clarabel,boxed MeanRisk scenario risk; compact Clarabel,,CLARABEL,10,9,0,1,9,0.011532959000078336,0.011532959000078336,nan,0.011532959000078336,0.011532959000078336,1,0.011532959,-0.0761452559999043,0.13153733798162542,7.60240411843891,0.06991017659816896,4.2959680909837594e-08,6.144986237901674e-07,4.2959680909837594e-08,0,0,0,7.108469920691363e-06,clarabel,True,False,1,1,1,ok,
1,2026-08-28T22:44:22.003471+00:00,afa641357bf765b58968d2fe9666189372aaa3df,cursor/cv-predict-benchmark-suite-0bad,sp500,252,20,walk-forward,10,MAXIMIZE_UTILITY/CDAR,MAXIMIZE_UTILITY,CDAR,,native,sklearn,,,CLARABEL,,,,,,0.12041248800005633,0.12041248800005633,nan,0.12041248800005633,0.12041248800005633,1,0.120412488,0.0,1.0,1.0,0.016957691939665592,0.0,0.0,nan,0,0,0,nan,unknown,True,False,1,1,1,ok,
1,2026-08-28T22:44:22.003471+00:00,afa641357bf765b58968d2fe9666189372aaa3df,cursor/cv-predict-benchmark-suite-0bad,sp500,252,20,walk-forward,10,MAXIMIZE_UTILITY/CDAR,MAXIMIZE_UTILITY,CDAR,,accelerated,clarabel,boxed MeanRisk scenario risk; compact Clarabel,,CLARABEL,10,9,0,1,9,0.015471543999979076,0.015471543999979076,nan,0.015471543999979076,0.015471543999979076,1,0.015471544,-0.10494094400007725,0.1284878691317452,7.782835895384403,0.0169576772438256,-1.4695839992834303e-08,-8.666179362805494e-07,1.4695839992834303e-08,0,0,0,1.0640898556735223e-07,clarabel,True,False,1,1,1,ok,
1,2026-08-28T22:44:22.003471+00:00,afa641357bf765b58968d2fe9666189372aaa3df,cursor/cv-predict-benchmark-suite-0bad,sp500,252,20,walk-forward,10,MAXIMIZE_UTILITY/MAX_DRAWDOWN,MAXIMIZE_UTILITY,MAX_DRAWDOWN,,native,sklearn,,,CLARABEL,,,,,,0.1032502300000715,0.1032502300000715,nan,0.1032502300000715,0.1032502300000715,1,0.10325023,0.0,1.0,1.0,0.03710490447338315,0.0,0.0,nan,0,0,0,nan,unknown,True,False,1,1,1,ok,
1,2026-08-28T22:44:22.003471+00:00,afa641357bf765b58968d2fe9666189372aaa3df,cursor/cv-predict-benchmark-suite-0bad,sp500,252,20,walk-forward,10,MAXIMIZE_UTILITY/MAX_DRAWDOWN,MAXIMIZE_UTILITY,MAX_DRAWDOWN,,accelerated,clarabel,boxed MeanRisk scenario risk; compact Clarabel,,CLARABEL,10,9,0,1,9,0.014071773000068788,0.014071773000068788,nan,0.014071773000068788,0.014071773000068788,1,0.014071773,-0.08917845700000271,0.13628805475841596,7.337400198224259,0.037104985063672116,8.059028896306719e-08,2.1719578612815957e-06,8.059028896306719e-08,0,0,0,6.553891290228542e-07,clarabel,True,False,1,1,1,ok,
1,2026-08-28T22:44:22.003471+00:00,afa641357bf765b58968d2fe9666189372aaa3df,cursor/cv-predict-benchmark-suite-0bad,sp500,252,20,walk-forward,10,MAXIMIZE_UTILITY/AVERAGE_DRAWDOWN,MAXIMIZE_UTILITY,AVERAGE_DRAWDOWN,,native,sklearn,,,CLARABEL,,,,,,0.10006774900000437,0.10006774900000437,nan,0.10006774900000437,0.10006774900000437,1,0.100067749,0.0,1.0,1.0,0.02305663907680413,0.0,0.0,nan,0,0,0,nan,unknown,True,False,1,1,1,ok,
1,2026-08-28T22:44:22.003471+00:00,afa641357bf765b58968d2fe9666189372aaa3df,cursor/cv-predict-benchmark-suite-0bad,sp500,252,20,walk-forward,10,MAXIMIZE_UTILITY/AVERAGE_DRAWDOWN,MAXIMIZE_UTILITY,AVERAGE_DRAWDOWN,,accelerated,clarabel,boxed MeanRisk scenario risk; compact Clarabel,,CLARABEL,10,9,0,1,9,0.013489772000070843,0.013489772000070843,nan,0.013489772000070843,0.013489772000070843,1,0.013489772,-0.08657797699993353,0.1348063900195282,7.418045983244109,0.02305667784324867,3.8766444540594414e-08,1.6813571315168374e-06,3.8766444540594414e-08,0,0,0,4.341261932477164e-06,clarabel,True,False,1,1,1,ok,
1,2026-08-28T22:44:22.003471+00:00,afa641357bf765b58968d2fe9666189372aaa3df,cursor/cv-predict-benchmark-suite-0bad,sp500,252,20,walk-forward,10,MAXIMIZE_UTILITY/EDAR,MAXIMIZE_UTILITY,EDAR,,native,sklearn,,,CLARABEL,,,,,,0.1924606100000119,0.1924606100000119,nan,0.1924606100000119,0.1924606100000119,1,0.19246061,0.0,1.0,1.0,0.03653243922474233,0.0,0.0,nan,0,0,0,nan,unknown,True,False,1,1,1,ok,
1,2026-08-28T22:44:22.003471+00:00,afa641357bf765b58968d2fe9666189372aaa3df,cursor/cv-predict-benchmark-suite-0bad,sp500,252,20,walk-forward,10,MAXIMIZE_UTILITY/EDAR,MAXIMIZE_UTILITY,EDAR,,accelerated,clarabel,boxed MeanRisk scenario risk; compact Clarabel,,CLARABEL,10,9,0,1,9,0.02683507599999757,0.02683507599999757,nan,0.02683507599999757,0.02683507599999757,1,0.026835076,-0.16562553400001434,0.13943152315684706,7.171979315431391,0.036532422377402764,-1.6847339565084773e-08,-4.6116109196657674e-07,1.6847339565084773e-08,0,0,0,1.3075937900647316e-06,clarabel,True,False,1,1,1,ok,
1,2026-08-28T22:44:22.003471+00:00,afa641357bf765b58968d2fe9666189372aaa3df,cursor/cv-predict-benchmark-suite-0bad,sp500,252,20,walk-forward,10,MAXIMIZE_UTILITY/FIRST_LOWER_PARTIAL_MOMENT,MAXIMIZE_UTILITY,FIRST_LOWER_PARTIAL_MOMENT,,native,sklearn,,,CLARABEL,,,,,,0.09784216200000628,0.09784216200000628,nan,0.09784216200000628,0.09784216200000628,1,0.097842162,0.0,1.0,1.0,0.04467130871747261,0.0,0.0,nan,0,0,0,nan,unknown,True,False,1,1,1,ok,
1,2026-08-28T22:44:22.003471+00:00,afa641357bf765b58968d2fe9666189372aaa3df,cursor/cv-predict-benchmark-suite-0bad,sp500,252,20,walk-forward,10,MAXIMIZE_UTILITY/FIRST_LOWER_PARTIAL_MOMENT,MAXIMIZE_UTILITY,FIRST_LOWER_PARTIAL_MOMENT,,accelerated,clarabel,boxed MeanRisk scenario risk; compact Clarabel,,CLARABEL,10,9,0,1,9,0.011385566000058134,0.011385566000058134,nan,0.011385566000058134,0.011385566000058134,1,0.011385566,-0.08645659599994815,0.11636666409780891,8.593526399961734,0.044671498784135656,1.9006666304721698e-07,4.254781614958033e-06,1.9006666304721698e-07,0,0,0,6.668328195201523e-06,clarabel,True,False,1,1,1,ok,
1,2026-08-28T22:44:22.003471+00:00,afa641357bf765b58968d2fe9666189372aaa3df,cursor/cv-predict-benchmark-suite-0bad,sp500,252,20,walk-forward,10,MAXIMIZE_UTILITY/ULCER_INDEX,MAXIMIZE_UTILITY,ULCER_INDEX,,native,sklearn,,,CLARABEL,,,,,,0.11452004399995985,0.11452004399995985,nan,0.11452004399995985,0.11452004399995985,1,0.114520044,0.0,1.0,1.0,0.03007646010715391,0.0,0.0,nan,0,0,0,nan,unknown,True,False,1,1,1,ok,
1,2026-08-28T22:44:22.003471+00:00,afa641357bf765b58968d2fe9666189372aaa3df,cursor/cv-predict-benchmark-suite-0bad,sp500,252,20,walk-forward,10,MAXIMIZE_UTILITY/ULCER_INDEX,MAXIMIZE_UTILITY,ULCER_INDEX,,accelerated,cvxpy-sequential,MeanRisk outside the compact subset (risk_measure is not compacted),,CLARABEL,10,9,1,0,0,0.06001290099993639,0.06001290099993639,nan,0.06001290099993639,0.06001290099993639,1,0.060012901,-0.05450714300002346,0.5240384032681425,1.9082570929220908,0.030076460104880427,-2.273483484804828e-12,-7.559012851595734e-11,2.273483484804828e-12,0,0,0,4.6234460704397407e-11,cvxpy-sequential,True,False,1,1,1,ok,
1,2026-08-28T22:44:22.003471+00:00,afa641357bf765b58968d2fe9666189372aaa3df,cursor/cv-predict-benchmark-suite-0bad,sp500,252,20,walk-forward,10,MAXIMIZE_RATIO/VARIANCE,MAXIMIZE_RATIO,VARIANCE,,native,sklearn,,,CLARABEL,,,,,,0.10334945000010975,0.10334945000010975,nan,0.10334945000010975,0.10334945000010975,1,0.10334945,0.0,1.0,1.0,0.04024183311663775,0.0,0.0,nan,0,0,0,nan,unknown,True,False,1,1,1,ok,
1,2026-08-28T22:44:22.003471+00:00,afa641357bf765b58968d2fe9666189372aaa3df,cursor/cv-predict-benchmark-suite-0bad,sp500,252,20,walk-forward,10,MAXIMIZE_RATIO/VARIANCE,MAXIMIZE_RATIO,VARIANCE,,accelerated,fit-assemble,MAXIMIZE_RATIO homogenization is not parameterized,objective_function is not compacted,CLARABEL,10,0,0,0,0,0.08990865800001302,0.08990865800001302,nan,0.08990865800001302,0.08990865800001302,1,0.089908658,-0.013440792000096735,0.8699481032547105,1.1494938563101986,0.04024183311663775,0.0,0.0,0.0,0,0,0,0.0,fit-assemble:objective_function is not compacted,True,False,1,1,1,ok,
1,2026-08-28T22:44:22.003471+00:00,afa641357bf765b58968d2fe9666189372aaa3df,cursor/cv-predict-benchmark-suite-0bad,sp500,252,20,walk-forward,10,MAXIMIZE_RATIO/SEMI_VARIANCE,MAXIMIZE_RATIO,SEMI_VARIANCE,,native,sklearn,,,CLARABEL,,,,,,0.10252731200000653,0.10252731200000653,nan,0.10252731200000653,0.10252731200000653,1,0.102527312,0.0,1.0,1.0,0.05640235738914984,0.0,0.0,nan,0,0,0,nan,unknown,True,False,1,1,1,ok,
1,2026-08-28T22:44:22.003471+00:00,afa641357bf765b58968d2fe9666189372aaa3df,cursor/cv-predict-benchmark-suite-0bad,sp500,252,20,walk-forward,10,MAXIMIZE_RATIO/SEMI_VARIANCE,MAXIMIZE_RATIO,SEMI_VARIANCE,,accelerated,fit-assemble,MAXIMIZE_RATIO homogenization is not parameterized,objective_function is not compacted,CLARABEL,10,0,0,0,0,0.09085159599999315,0.09085159599999315,nan,0.09085159599999315,0.09085159599999315,1,0.090851596,-0.01167571600001338,0.8861209196627272,1.1285141540057728,0.05640235738914984,0.0,0.0,0.0,0,0,0,0.0,fit-assemble:objective_function is not compacted,True,False,1,1,1,ok,
1,2026-08-28T22:44:22.003471+00:00,afa641357bf765b58968d2fe9666189372aaa3df,cursor/cv-predict-benchmark-suite-0bad,sp500,252,20,walk-forward,10,MAXIMIZE_RATIO/STANDARD_DEVIATION,MAXIMIZE_RATIO,STANDARD_DEVIATION,,native,sklearn,,,CLARABEL,,,,,,0.0975782520000621,0.0975782520000621,nan,0.0975782520000621,0.0975782520000621,1,0.097578252,0.0,1.0,1.0,0.04285583954499916,0.0,0.0,nan,0,0,0,nan,unknown,True,False,1,1,1,ok,
1,2026-08-28T22:44:22.003471+00:00,afa641357bf765b58968d2fe9666189372aaa3df,cursor/cv-predict-benchmark-suite-0bad,sp500,252,20,walk-forward,10,MAXIMIZE_RATIO/STANDARD_DEVIATION,MAXIMIZE_RATIO,STANDARD_DEVIATION,,accelerated,fit-assemble,MAXIMIZE_RATIO homogenization is not parameterized,objective_function is not compacted,CLARABEL,10,0,0,0,0,0.08278647700001329,0.08278647700001329,nan,0.08278647700001329,0.08278647700001329,1,0.082786477,-0.014791775000048801,0.8484111500579106,1.178673806834979,0.04285583954499916,0.0,0.0,0.0,0,0,0,0.0,fit-assemble:objective_function is not compacted,True,False,1,1,1,ok,
1,2026-08-28T22:44:22.003471+00:00,afa641357bf765b58968d2fe9666189372aaa3df,cursor/cv-predict-benchmark-suite-0bad,sp500,252,20,walk-forward,10,MAXIMIZE_RATIO/SEMI_DEVIATION,MAXIMIZE_RATIO,SEMI_DEVIATION,,native,sklearn,,,CLARABEL,,,,,,0.11477691400000367,0.11477691400000367,nan,0.11477691400000367,0.11477691400000367,1,0.114776914,0.0,1.0,1.0,0.06543959367626215,0.0,0.0,nan,0,0,0,nan,unknown,True,False,1,1,1,ok,
1,2026-08-28T22:44:22.003471+00:00,afa641357bf765b58968d2fe9666189372aaa3df,cursor/cv-predict-benchmark-suite-0bad,sp500,252,20,walk-forward,10,MAXIMIZE_RATIO/SEMI_DEVIATION,MAXIMIZE_RATIO,SEMI_DEVIATION,,accelerated,fit-assemble,MAXIMIZE_RATIO homogenization is not parameterized,objective_function is not compacted,CLARABEL,10,0,0,0,0,0.09892461499998717,0.09892461499998717,nan,0.09892461499998717,0.09892461499998717,1,0.098924615,-0.0158522990000165,0.8618859973878022,1.1602462541807068,0.06543959367626215,0.0,0.0,0.0,0,0,0,0.0,fit-assemble:objective_function is not compacted,True,False,1,1,1,ok,
1,2026-08-28T22:44:22.003471+00:00,afa641357bf765b58968d2fe9666189372aaa3df,cursor/cv-predict-benchmark-suite-0bad,sp500,252,20,walk-forward,10,MAXIMIZE_RATIO/MEAN_ABSOLUTE_DEVIATION,MAXIMIZE_RATIO,MEAN_ABSOLUTE_DEVIATION,,native,sklearn,,,CLARABEL,,,,,,0.10011663299997053,0.10011663299997053,nan,0.10011663299997053,0.10011663299997053,1,0.100116633,0.0,1.0,1.0,0.06492357897418669,0.0,0.0,nan,0,0,0,nan,unknown,True,False,1,1,1,ok,
1,2026-08-28T22:44:22.003471+00:00,afa641357bf765b58968d2fe9666189372aaa3df,cursor/cv-predict-benchmark-suite-0bad,sp500,252,20,walk-forward,10,MAXIMIZE_RATIO/MEAN_ABSOLUTE_DEVIATION,MAXIMIZE_RATIO,MEAN_ABSOLUTE_DEVIATION,,accelerated,fit-assemble,MAXIMIZE_RATIO homogenization is not parameterized,objective_function is not compacted,CLARABEL,10,0,0,0,0,0.08648740600006022,0.08648740600006022,nan,0.08648740600006022,0.08648740600006022,1,0.086487406,-0.013629226999910315,0.8638665065782394,1.1575862617489168,0.06492357897418669,0.0,0.0,0.0,0,0,0,0.0,fit-assemble:objective_function is not compacted,True,False,1,1,1,ok,
1,2026-08-28T22:44:22.003471+00:00,afa641357bf765b58968d2fe9666189372aaa3df,cursor/cv-predict-benchmark-suite-0bad,sp500,252,20,walk-forward,10,MAXIMIZE_RATIO/CVAR,MAXIMIZE_RATIO,CVAR,,native,sklearn,,,CLARABEL,,,,,,0.10548743599997579,0.10548743599997579,nan,0.10548743599997579,0.10548743599997579,1,0.105487436,0.0,1.0,1.0,0.07857218254980906,0.0,0.0,nan,0,0,0,nan,unknown,True,False,1,1,1,ok,
1,2026-08-28T22:44:22.003471+00:00,afa641357bf765b58968d2fe9666189372aaa3df,cursor/cv-predict-benchmark-suite-0bad,sp500,252,20,walk-forward,10,MAXIMIZE_RATIO/CVAR,MAXIMIZE_RATIO,CVAR,,accelerated,fit-assemble,MAXIMIZE_RATIO homogenization is not parameterized,objective_function is not compacted,CLARABEL,10,0,0,0,0,0.09322916900009659,0.09322916900009659,nan,0.09322916900009659,0.09322916900009659,1,0.093229169,-0.012258266999879197,0.8837940567644282,1.1314853187189355,0.07857218254980906,0.0,0.0,0.0,0,0,0,0.0,fit-assemble:objective_function is not compacted,True,False,1,1,1,ok,
1,2026-08-28T22:44:22.003471+00:00,afa641357bf765b58968d2fe9666189372aaa3df,cursor/cv-predict-benchmark-suite-0bad,sp500,252,20,walk-forward,10,MAXIMIZE_RATIO/EVAR,MAXIMIZE_RATIO,EVAR,,native,sklearn,,,CLARABEL,,,,,,0.12453882800002702,0.12453882800002702,nan,0.12453882800002702,0.12453882800002702,1,0.124538828,0.0,1.0,1.0,0.07974006410496284,0.0,0.0,nan,0,0,0,nan,unknown,True,False,1,1,1,ok,
1,2026-08-28T22:44:22.003471+00:00,afa641357bf765b58968d2fe9666189372aaa3df,cursor/cv-predict-benchmark-suite-0bad,sp500,252,20,walk-forward,10,MAXIMIZE_RATIO/EVAR,MAXIMIZE_RATIO,EVAR,,accelerated,fit-assemble,MAXIMIZE_RATIO homogenization is not parameterized,objective_function is not compacted,CLARABEL,10,0,0,0,0,0.11156391699989854,0.11156391699989854,nan,0.11156391699989854,0.11156391699989854,1,0.111563917,-0.012974911000128486,0.8958163393016219,1.1163002460745466,0.07974006410496284,0.0,0.0,0.0,0,0,0,0.0,fit-assemble:objective_function is not compacted,True,False,1,1,1,ok,
1,2026-08-28T22:44:22.003471+00:00,afa641357bf765b58968d2fe9666189372aaa3df,cursor/cv-predict-benchmark-suite-0bad,sp500,252,20,walk-forward,10,MAXIMIZE_RATIO/WORST_REALIZATION,MAXIMIZE_RATIO,WORST_REALIZATION,,native,sklearn,,,CLARABEL,,,,,,0.09065089600005649,0.09065089600005649,nan,0.09065089600005649,0.09065089600005649,1,0.090650896,0.0,1.0,1.0,0.07949699408247077,0.0,0.0,nan,0,0,0,nan,unknown,True,False,1,1,1,ok,
1,2026-08-28T22:44:22.003471+00:00,afa641357bf765b58968d2fe9666189372aaa3df,cursor/cv-predict-benchmark-suite-0bad,sp500,252,20,walk-forward,10,MAXIMIZE_RATIO/WORST_REALIZATION,MAXIMIZE_RATIO,WORST_REALIZATION,,accelerated,fit-assemble,MAXIMIZE_RATIO homogenization is not parameterized,objective_function is not compacted,CLARABEL,10,0,0,0,0,0.07717860799994014,0.07717860799994014,nan,0.07717860799994014,0.07717860799994014,1,0.077178608,-0.01347228800011635,0.8513827375726329,1.1745598728617495,0.07949699408247077,0.0,0.0,0.0,0,0,0,0.0,fit-assemble:objective_function is not compacted,True,False,1,1,1,ok,
1,2026-08-28T22:44:22.003471+00:00,afa641357bf765b58968d2fe9666189372aaa3df,cursor/cv-predict-benchmark-suite-0bad,sp500,252,20,walk-forward,10,MAXIMIZE_RATIO/CDAR,MAXIMIZE_RATIO,CDAR,,native,sklearn,,,CLARABEL,,,,,,0.1250835719999941,0.1250835719999941,nan,0.1250835719999941,0.1250835719999941,1,0.125083572,0.0,1.0,1.0,0.052944121345448764,0.0,0.0,nan,0,0,0,nan,unknown,True,False,1,1,1,ok,
1,2026-08-28T22:44:22.003471+00:00,afa641357bf765b58968d2fe9666189372aaa3df,cursor/cv-predict-benchmark-suite-0bad,sp500,252,20,walk-forward,10,MAXIMIZE_RATIO/CDAR,MAXIMIZE_RATIO,CDAR,,accelerated,fit-assemble,MAXIMIZE_RATIO homogenization is not parameterized,objective_function is not compacted,CLARABEL,10,0,0,0,0,0.11288224500003707,0.11288224500003707,nan,0.11288224500003707,0.11288224500003707,1,0.112882245,-0.012201326999957018,0.9024546005133465,1.1080889824609088,0.052944121345448764,0.0,0.0,0.0,0,0,0,0.0,fit-assemble:objective_function is not compacted,True,False,1,1,1,ok,
1,2026-08-28T22:44:22.003471+00:00,afa641357bf765b58968d2fe9666189372aaa3df,cursor/cv-predict-benchmark-suite-0bad,sp500,252,20,walk-forward,10,MAXIMIZE_RATIO/MAX_DRAWDOWN,MAXIMIZE_RATIO,MAX_DRAWDOWN,,native,sklearn,,,CLARABEL,,,,,,0.10573788600004264,0.10573788600004264,nan,0.10573788600004264,0.10573788600004264,1,0.105737886,0.0,1.0,1.0,0.0478927402935768,0.0,0.0,nan,0,0,0,nan,unknown,True,False,1,1,1,ok,
1,2026-08-28T22:44:22.003471+00:00,afa641357bf765b58968d2fe9666189372aaa3df,cursor/cv-predict-benchmark-suite-0bad,sp500,252,20,walk-forward,10,MAXIMIZE_RATIO/MAX_DRAWDOWN,MAXIMIZE_RATIO,MAX_DRAWDOWN,,accelerated,fit-assemble,MAXIMIZE_RATIO homogenization is not parameterized,objective_function is not compacted,CLARABEL,10,0,0,0,0,0.09203084099999614,0.09203084099999614,nan,0.09203084099999614,0.09203084099999614,1,0.092030841,-0.013707045000046492,0.8703677033978061,1.148939690772217,0.0478927402935768,0.0,0.0,0.0,0,0,0,0.0,fit-assemble:objective_function is not compacted,True,False,1,1,1,ok,
1,2026-08-28T22:44:22.003471+00:00,afa641357bf765b58968d2fe9666189372aaa3df,cursor/cv-predict-benchmark-suite-0bad,sp500,252,20,walk-forward,10,MAXIMIZE_RATIO/AVERAGE_DRAWDOWN,MAXIMIZE_RATIO,AVERAGE_DRAWDOWN,,native,sklearn,,,CLARABEL,,,,,,0.14972155899999962,0.14972155899999962,nan,0.14972155899999962,0.14972155899999962,1,0.149721559,0.0,1.0,1.0,0.05432193510951316,0.0,0.0,nan,0,0,0,nan,unknown,True,False,1,1,1,ok,
1,2026-08-28T22:44:22.003471+00:00,afa641357bf765b58968d2fe9666189372aaa3df,cursor/cv-predict-benchmark-suite-0bad,sp500,252,20,walk-forward,10,MAXIMIZE_RATIO/AVERAGE_DRAWDOWN,MAXIMIZE_RATIO,AVERAGE_DRAWDOWN,,accelerated,fit-assemble,MAXIMIZE_RATIO homogenization is not parameterized,objective_function is not compacted,CLARABEL,10,0,0,0,0,0.09022855000000618,0.09022855000000618,nan,0.09022855000000618,0.09022855000000618,1,0.09022855,-0.059493008999993435,0.6026423355637541,1.659359027713394,0.05432193510951316,0.0,0.0,0.0,0,0,0,0.0,fit-assemble:objective_function is not compacted,True,False,1,1,1,ok,
1,2026-08-28T22:44:22.003471+00:00,afa641357bf765b58968d2fe9666189372aaa3df,cursor/cv-predict-benchmark-suite-0bad,sp500,252,20,walk-forward,10,MAXIMIZE_RATIO/EDAR,MAXIMIZE_RATIO,EDAR,,native,sklearn,,,CLARABEL,,,,,,0.14892926000004536,0.14892926000004536,nan,0.14892926000004536,0.14892926000004536,1,0.14892926,0.0,1.0,1.0,0.047869112965042315,0.0,0.0,nan,0,0,0,nan,unknown,True,False,1,1,1,ok,
1,2026-08-28T22:44:22.003471+00:00,afa641357bf765b58968d2fe9666189372aaa3df,cursor/cv-predict-benchmark-suite-0bad,sp500,252,20,walk-forward,10,MAXIMIZE_RATIO/EDAR,MAXIMIZE_RATIO,EDAR,,accelerated,fit-assemble,MAXIMIZE_RATIO homogenization is not parameterized,objective_function is not compacted,CLARABEL,10,0,0,0,0,0.13473940400001538,0.13473940400001538,nan,0.13473940400001538,0.13473940400001538,1,0.134739404,-0.014189856000029977,0.9047208318900822,1.1053133350658755,0.047869112965042315,0.0,0.0,0.0,0,0,0,0.0,fit-assemble:objective_function is not compacted,True,False,1,1,1,ok,
1,2026-08-28T22:44:22.003471+00:00,afa641357bf765b58968d2fe9666189372aaa3df,cursor/cv-predict-benchmark-suite-0bad,sp500,252,20,walk-forward,10,MAXIMIZE_RATIO/FIRST_LOWER_PARTIAL_MOMENT,MAXIMIZE_RATIO,FIRST_LOWER_PARTIAL_MOMENT,,native,sklearn,,,CLARABEL,,,,,,0.10088774700000158,0.10088774700000158,nan,0.10088774700000158,0.10088774700000158,1,0.100887747,0.0,1.0,1.0,0.06492363247723022,0.0,0.0,nan,0,0,0,nan,unknown,True,False,1,1,1,ok,
1,2026-08-28T22:44:22.003471+00:00,afa641357bf765b58968d2fe9666189372aaa3df,cursor/cv-predict-benchmark-suite-0bad,sp500,252,20,walk-forward,10,MAXIMIZE_RATIO/FIRST_LOWER_PARTIAL_MOMENT,MAXIMIZE_RATIO,FIRST_LOWER_PARTIAL_MOMENT,,accelerated,fit-assemble,MAXIMIZE_RATIO homogenization is not parameterized,objective_function is not compacted,CLARABEL,10,0,0,0,0,0.08763704699993013,0.08763704699993013,nan,0.08763704699993013,0.08763704699993013,1,0.087637047,-0.013250700000071447,0.8686589759996203,1.15119975459787,0.06492363247723022,0.0,0.0,0.0,0,0,0,0.0,fit-assemble:objective_function is not compacted,True,False,1,1,1,ok,
1,2026-08-28T22:44:22.003471+00:00,afa641357bf765b58968d2fe9666189372aaa3df,cursor/cv-predict-benchmark-suite-0bad,sp500,252,20,walk-forward,10,MAXIMIZE_RATIO/ULCER_INDEX,MAXIMIZE_RATIO,ULCER_INDEX,,native,sklearn,,,CLARABEL,,,,,,0.11566484200000104,0.11566484200000104,nan,0.11566484200000104,0.11566484200000104,1,0.115664842,0.0,1.0,1.0,0.0720962801393304,0.0,0.0,nan,0,0,0,nan,unknown,True,False,1,1,1,ok,
1,2026-08-28T22:44:22.003471+00:00,afa641357bf765b58968d2fe9666189372aaa3df,cursor/cv-predict-benchmark-suite-0bad,sp500,252,20,walk-forward,10,MAXIMIZE_RATIO/ULCER_INDEX,MAXIMIZE_RATIO,ULCER_INDEX,,accelerated,fit-assemble,MAXIMIZE_RATIO homogenization is not parameterized,objective_function is not compacted,CLARABEL,10,0,0,0,0,0.14930955600004836,0.14930955600004836,nan,0.14930955600004836,0.14930955600004836,1,0.149309556,0.033644714000047315,1.290881078625837,0.7746646972814224,0.0720962801393304,0.0,0.0,0.0,0,0,0,0.0,fit-assemble:objective_function is not compacted,True,False,1,1,1,ok,
1,2026-08-28T22:44:22.003471+00:00,afa641357bf765b58968d2fe9666189372aaa3df,cursor/cv-predict-benchmark-suite-0bad,sp500,252,20,walk-forward,10,MINIMIZE_RISK/VARIANCE+min_return,MINIMIZE_RISK,VARIANCE,min_return,native,sklearn,,,CLARABEL,,,,,,0.09918915200000811,0.09918915200000811,nan,0.09918915200000811,0.09918915200000811,1,0.099189152,0.0,1.0,1.0,0.050511071822986454,0.0,0.0,nan,0,0,0,nan,unknown,True,False,1,1,1,ok,
1,2026-08-28T22:44:22.003471+00:00,afa641357bf765b58968d2fe9666189372aaa3df,cursor/cv-predict-benchmark-suite-0bad,sp500,252,20,walk-forward,10,MINIMIZE_RISK/VARIANCE+min_return,MINIMIZE_RISK,VARIANCE,min_return,accelerated,cvxpy-sequential,MeanRisk outside the compact subset (minimum return is not compacted),,CLARABEL,10,9,1,0,0,0.046708276000003934,0.046708276000003934,nan,0.046708276000003934,0.046708276000003934,1,0.046708276,-0.05248087600000417,0.47090105176017755,2.1235883765009813,0.05052726778733917,1.6195964352712366e-05,0.0003206418665885832,1.6195964352712366e-05,0,0,0,0.00029495750850279715,cvxpy-sequential,True,False,1,1,1,ok,
1,2026-08-28T22:44:22.003471+00:00,afa641357bf765b58968d2fe9666189372aaa3df,cursor/cv-predict-benchmark-suite-0bad,sp500,252,20,walk-forward,10,MINIMIZE_RISK/VARIANCE+linear_constraints,MINIMIZE_RISK,VARIANCE,linear_constraints,native,sklearn,,,CLARABEL,,,,,,0.09813400300004105,0.09813400300004105,nan,0.09813400300004105,0.09813400300004105,1,0.098134003,0.0,1.0,1.0,0.05383694317679238,0.0,0.0,nan,0,0,0,nan,unknown,True,False,1,1,1,ok,
1,2026-08-28T22:44:22.003471+00:00,afa641357bf765b58968d2fe9666189372aaa3df,cursor/cv-predict-benchmark-suite-0bad,sp500,252,20,walk-forward,10,MINIMIZE_RISK/VARIANCE+linear_constraints,MINIMIZE_RISK,VARIANCE,linear_constraints,accelerated,cvxpy-sequential,MeanRisk outside the compact subset (linear constraints is not compacted),,CLARABEL,10,9,1,0,0,0.04593614400005208,0.04593614400005208,nan,0.04593614400005208,0.04593614400005208,1,0.045936144,-0.052197858999988966,0.46809609916791906,2.1363134659263037,0.05382764331661406,-9.2998601783148e-06,-0.00017274123732797137,9.2998601783148e-06,0,0,0,0.00017850762562081346,cvxpy-sequential,True,False,1,1,1,ok,
1,2026-08-28T22:44:22.003471+00:00,afa641357bf765b58968d2fe9666189372aaa3df,cursor/cv-predict-benchmark-suite-0bad,sp500,252,20,walk-forward,10,MINIMIZE_RISK/VARIANCE+management_fees,MINIMIZE_RISK,VARIANCE,management_fees,native,sklearn,,,CLARABEL,,,,,,0.08933940600002188,0.08933940600002188,nan,0.08933940600002188,0.08933940600002188,1,0.089339406,0.0,1.0,1.0,0.04493059647649119,0.0,0.0,nan,0,0,0,nan,unknown,True,False,1,1,1,ok,
1,2026-08-28T22:44:22.003471+00:00,afa641357bf765b58968d2fe9666189372aaa3df,cursor/cv-predict-benchmark-suite-0bad,sp500,252,20,walk-forward,10,MINIMIZE_RISK/VARIANCE+management_fees,MINIMIZE_RISK,VARIANCE,management_fees,accelerated,cvxpy-sequential,MeanRisk outside the compact subset (management fees are not compacted),,CLARABEL,10,9,1,0,0,0.04494973199996366,0.04494973199996366,nan,0.04494973199996366,0.04494973199996366,1,0.044949732,-0.04438967400005822,0.5031344399128046,1.9875403484072856,0.04492806264653118,-2.5338299600094483e-06,-5.6394309417530466e-05,2.5338299600094483e-06,0,0,0,0.0002919121543919446,cvxpy-sequential,True,False,1,1,1,ok,
1,2026-08-28T22:44:22.003471+00:00,afa641357bf765b58968d2fe9666189372aaa3df,cursor/cv-predict-benchmark-suite-0bad,sp500,252,20,walk-forward,10,MINIMIZE_RISK/VARIANCE+l1_coef,MINIMIZE_RISK,VARIANCE,l1_coef,native,sklearn,,,CLARABEL,,,,,,0.09861235799996848,0.09861235799996848,nan,0.09861235799996848,0.09861235799996848,1,0.098612358,0.0,1.0,1.0,0.05382370342381871,0.0,0.0,nan,0,0,0,nan,unknown,True,False,1,1,1,ok,
1,2026-08-28T22:44:22.003471+00:00,afa641357bf765b58968d2fe9666189372aaa3df,cursor/cv-predict-benchmark-suite-0bad,sp500,252,20,walk-forward,10,MINIMIZE_RISK/VARIANCE+l1_coef,MINIMIZE_RISK,VARIANCE,l1_coef,accelerated,cvxpy-sequential,MeanRisk outside the compact subset (l1_coef is not compacted),,CLARABEL,10,9,1,0,0,0.04709874100001343,0.04709874100001343,nan,0.04709874100001343,0.04709874100001343,1,0.047098741,-0.05151361699995505,0.4776149962870626,2.0937366032765157,0.05383532702251498,1.1623598696268445e-05,0.00021595687321516844,1.1623598696268445e-05,0,0,0,0.0001472259593912617,cvxpy-sequential,True,False,1,1,1,ok,
1,2026-08-28T22:44:22.003471+00:00,afa641357bf765b58968d2fe9666189372aaa3df,cursor/cv-predict-benchmark-suite-0bad,sp500,252,20,walk-forward,10,MINIMIZE_RISK/CVAR+min_return,MINIMIZE_RISK,CVAR,min_return,native,sklearn,,,CLARABEL,,,,,,0.10973097900000539,0.10973097900000539,nan,0.10973097900000539,0.10973097900000539,1,0.109730979,0.0,1.0,1.0,0.09043776441434995,0.0,0.0,nan,0,0,0,nan,unknown,True,False,1,1,1,ok,
1,2026-08-28T22:44:22.003471+00:00,afa641357bf765b58968d2fe9666189372aaa3df,cursor/cv-predict-benchmark-suite-0bad,sp500,252,20,walk-forward,10,MINIMIZE_RISK/CVAR+min_return,MINIMIZE_RISK,CVAR,min_return,accelerated,cvxpy-sequential,MeanRisk outside the compact subset (minimum return is not compacted),,CLARABEL,10,9,1,0,0,0.05194132300005094,0.05194132300005094,nan,0.05194132300005094,0.05194132300005094,1,0.051941323,-0.05778965599995445,0.4733514953880835,2.1125949949310643,0.09043776617581269,1.7614627395579063e-09,1.947707078967126e-08,1.7614627395579063e-09,0,0,0,7.645547544413542e-07,cvxpy-sequential,True,False,1,1,1,ok,
1,2026-08-28T22:44:22.003471+00:00,afa641357bf765b58968d2fe9666189372aaa3df,cursor/cv-predict-benchmark-suite-0bad,sp500,252,20,walk-forward,10,MINIMIZE_RISK/MEAN_ABSOLUTE_DEVIATION+l2_0,MINIMIZE_RISK,MEAN_ABSOLUTE_DEVIATION,l2_0,native,sklearn,,,CLARABEL,,,,,,0.0796032189999778,0.0796032189999778,nan,0.0796032189999778,0.0796032189999778,1,0.079603219,0.0,1.0,1.0,0.06348509993185832,0.0,0.0,nan,0,0,0,nan,unknown,True,False,1,1,1,ok,
1,2026-08-28T22:44:22.003471+00:00,afa641357bf765b58968d2fe9666189372aaa3df,cursor/cv-predict-benchmark-suite-0bad,sp500,252,20,walk-forward,10,MINIMIZE_RISK/MEAN_ABSOLUTE_DEVIATION+l2_0,MINIMIZE_RISK,MEAN_ABSOLUTE_DEVIATION,l2_0,accelerated,highs,boxed MeanRisk LP; persistent HiGHS simplex,,CLARABEL,10,9,0,1,9,0.0073441260000208786,0.0073441260000208786,nan,0.0073441260000208786,0.0073441260000208786,1,0.007344126,-0.07225909299995692,0.0922591585149707,10.839032309597016,0.0634850481977039,-5.173415441872553e-08,-8.149023073800678e-07,5.173415441872553e-08,0,0,0,1.6788932890587915e-06,highs,True,False,1,1,1,ok,
1,2026-08-28T22:44:22.003471+00:00,afa641357bf765b58968d2fe9666189372aaa3df,cursor/cv-predict-benchmark-suite-0bad,sp500,252,20,walk-forward,10,MINIMIZE_RISK/FIRST_LOWER_PARTIAL_MOMENT+l2_0,MINIMIZE_RISK,FIRST_LOWER_PARTIAL_MOMENT,l2_0,native,sklearn,,,CLARABEL,,,,,,0.07974695600000814,0.07974695600000814,nan,0.07974695600000814,0.07974695600000814,1,0.079746956,0.0,1.0,1.0,0.063485286275523,0.0,0.0,nan,0,0,0,nan,unknown,True,False,1,1,1,ok,
1,2026-08-28T22:44:22.003471+00:00,afa641357bf765b58968d2fe9666189372aaa3df,cursor/cv-predict-benchmark-suite-0bad,sp500,252,20,walk-forward,10,MINIMIZE_RISK/FIRST_LOWER_PARTIAL_MOMENT+l2_0,MINIMIZE_RISK,FIRST_LOWER_PARTIAL_MOMENT,l2_0,accelerated,highs,boxed MeanRisk LP; persistent HiGHS simplex,,CLARABEL,10,9,0,1,9,0.007389202000013029,0.007389202000013029,nan,0.007389202000013029,0.007389202000013029,1,0.007389202,-0.07235775399999511,0.09265810722621531,10.79236377620581,0.06348504819770374,-2.380778192506705e-07,-3.750125945993605e-06,2.380778192506705e-07,0,0,0,2.12695641147731e-05,highs,True,False,1,1,1,ok,
1,2026-08-28T22:44:22.003471+00:00,afa641357bf765b58968d2fe9666189372aaa3df,cursor/cv-predict-benchmark-suite-0bad,sp500,252,20,walk-forward,10,MINIMIZE_RISK/CVAR+l2_0,MINIMIZE_RISK,CVAR,l2_0,native,sklearn,,,CLARABEL,,,,,,0.0832015370000363,0.0832015370000363,nan,0.0832015370000363,0.0832015370000363,1,0.083201537,0.0,1.0,1.0,0.09195581702922202,0.0,0.0,nan,0,0,0,nan,unknown,True,False,1,1,1,ok,
1,2026-08-28T22:44:22.003471+00:00,afa641357bf765b58968d2fe9666189372aaa3df,cursor/cv-predict-benchmark-suite-0bad,sp500,252,20,walk-forward,10,MINIMIZE_RISK/CVAR+l2_0,MINIMIZE_RISK,CVAR,l2_0,accelerated,highs,boxed MeanRisk LP; persistent HiGHS simplex,,CLARABEL,10,9,0,1,9,0.0059282619999976305,0.0059282619999976305,nan,0.0059282619999976305,0.0059282619999976305,1,0.005928262,-0.07727327500003867,0.07125183276355873,14.034726704060912,0.0919558065781372,-1.0451084817009182e-08,-1.1365332998659565e-07,1.0451084817009182e-08,0,0,0,1.4723373847241792e-06,highs,True,False,1,1,1,ok,
1,2026-08-28T22:44:22.003471+00:00,afa641357bf765b58968d2fe9666189372aaa3df,cursor/cv-predict-benchmark-suite-0bad,sp500,252,20,walk-forward,10,MINIMIZE_RISK/WORST_REALIZATION+l2_0,MINIMIZE_RISK,WORST_REALIZATION,l2_0,native,sklearn,,,CLARABEL,,,,,,0.0722161150000602,0.0722161150000602,nan,0.0722161150000602,0.0722161150000602,1,0.072216115,0.0,1.0,1.0,0.07578334101764399,0.0,0.0,nan,0,0,0,nan,unknown,True,False,1,1,1,ok,
1,2026-08-28T22:44:22.003471+00:00,afa641357bf765b58968d2fe9666189372aaa3df,cursor/cv-predict-benchmark-suite-0bad,sp500,252,20,walk-forward,10,MINIMIZE_RISK/WORST_REALIZATION+l2_0,MINIMIZE_RISK,WORST_REALIZATION,l2_0,accelerated,highs,boxed MeanRisk LP; persistent HiGHS simplex,,CLARABEL,10,9,0,1,9,0.005684998999981872,0.005684998999981872,nan,0.005684998999981872,0.005684998999981872,1,0.005684999,-0.06653111600007833,0.0787220276246809,12.702924837856697,0.07578331998186905,-2.1035774941391416e-08,-2.7757782461047525e-07,2.1035774941391416e-08,0,0,0,1.6216449073577918e-06,highs,True,False,1,1,1,ok,
